targtemp,testtype,testid,refvalue,RefCol,checkcol,high,low,testname
200,2,1,20,TargSBV,SubbusI,75,50,PowerTest
200,2,1,20,TargSBV,SubbusV,20.5,19.5,PowerTest
200,2,1,20,TargSBV,11V,11.3,10.5,PowerTest
200,2,1,20,TargSBV,6.8V,6.9,6.5,PowerTest
200,2,1,20,TargSBV,DAC_0.0V,0.1,-0.1,PowerTest
200,2,1,20,TargSBV,DAC_1.4V,1.5,1.3,PowerTest
200,2,1,20,TargSBV,DAC_2.2V,2.3,2.0,PowerTest
200,2,1,20,TargSBV,DAC_2.8V,3.0,2.7,PowerTest
200,2,1,20,TargSBV,DAC_4.3V,4.5,4.2,PowerTest
25,2,1,20,TargSBV,SubbusI,75,50,PowerTest
25,2,1,20,TargSBV,SubbusV,20.5,19.5,PowerTest
25,2,1,20,TargSBV,11V,11.3,10.5,PowerTest
25,2,1,20,TargSBV,6.8V,6.9,6.5,PowerTest
25,2,1,20,TargSBV,DAC_0.0V,0.1,-0.1,PowerTest
25,2,1,20,TargSBV,DAC_1.4V,1.5,1.3,PowerTest
25,2,1,20,TargSBV,DAC_2.2V,2.3,2.1,PowerTest
25,2,1,20,TargSBV,DAC_2.8V,3.0,2.7,PowerTest
25,2,1,20,TargSBV,DAC_4.3V,4.5,4.2,PowerTest
150,2,1,20,TargSBV,SubbusI,75,50,PowerTest
150,2,1,20,TargSBV,SubbusV,20.5,19.5,PowerTest
150,2,1,20,TargSBV,11V,11.3,10.5,PowerTest
150,2,1,20,TargSBV,6.8V,6.9,6.5,PowerTest
150,2,1,20,TargSBV,DAC_0.0V,0.1,-0.1,PowerTest
150,2,1,20,TargSBV,DAC_1.4V,1.5,1.3,PowerTest
150,2,1,20,TargSBV,DAC_2.2V,2.3,2.1,PowerTest
150,2,1,20,TargSBV,DAC_2.8V,3.0,2.7,PowerTest
150,2,1,20,TargSBV,DAC_4.3V,4.5,4.2,PowerTest
25,2,2,1999500,InFrequency,NormalizedExPhase,0.15,-0.15,2MHzBWTest
25,2,2,1999600,InFrequency,NormalizedExPhase,0.15,-0.15,2MHzBWTest
25,2,2,1999700,InFrequency,NormalizedExPhase,0.15,-0.15,2MHzBWTest
25,2,2,1999800,InFrequency,NormalizedExPhase,0.15,-0.15,2MHzBWTest
25,2,2,1999900,InFrequency,NormalizedExPhase,0.15,-0.15,2MHzBWTest
25,2,2,2000000,InFrequency,NormalizedExPhase,0.15,-0.15,2MHzBWTest
25,2,2,2000100,InFrequency,NormalizedExPhase,0.15,-0.15,2MHzBWTest
25,2,2,2000200,InFrequency,NormalizedExPhase,0.15,-0.15,2MHzBWTest
25,2,2,2000300,InFrequency,NormalizedExPhase,0.15,-0.15,2MHzBWTest
25,2,2,2000400,InFrequency,NormalizedExPhase,0.15,-0.15,2MHzBWTest
25,2,2,2000500,InFrequency,NormalizedExPhase,0.15,-0.15,2MHzBWTest
25,2,2,1999500,InFrequency,NormalizedStPhase,0.15,-0.15,2MHzBWTest
25,2,2,1999600,InFrequency,NormalizedStPhase,0.15,-0.15,2MHzBWTest
25,2,2,1999700,InFrequency,NormalizedStPhase,0.15,-0.15,2MHzBWTest
25,2,2,1999800,InFrequency,NormalizedStPhase,0.15,-0.15,2MHzBWTest
25,2,2,1999900,InFrequency,NormalizedStPhase,0.15,-0.15,2MHzBWTest
25,2,2,2000000,InFrequency,NormalizedStPhase,0.15,-0.15,2MHzBWTest
25,2,2,2000100,InFrequency,NormalizedStPhase,0.15,-0.15,2MHzBWTest
25,2,2,2000200,InFrequency,NormalizedStPhase,0.15,-0.15,2MHzBWTest
25,2,2,2000300,InFrequency,NormalizedStPhase,0.15,-0.15,2MHzBWTest
25,2,2,2000400,InFrequency,NormalizedStPhase,0.15,-0.15,2MHzBWTest
25,2,2,2000500,InFrequency,NormalizedStPhase,0.15,-0.15,2MHzBWTest
150,2,2,1999500,InFrequency,NormalizedExPhase,0.15,-0.15,2MHzBWTest
150,2,2,1999600,InFrequency,NormalizedExPhase,0.15,-0.15,2MHzBWTest
150,2,2,1999700,InFrequency,NormalizedExPhase,0.15,-0.15,2MHzBWTest
150,2,2,1999800,InFrequency,NormalizedExPhase,0.15,-0.15,2MHzBWTest
150,2,2,1999900,InFrequency,NormalizedExPhase,0.15,-0.15,2MHzBWTest
150,2,2,2000000,InFrequency,NormalizedExPhase,0.15,-0.15,2MHzBWTest
150,2,2,2000100,InFrequency,NormalizedExPhase,0.15,-0.15,2MHzBWTest
150,2,2,2000200,InFrequency,NormalizedExPhase,0.15,-0.15,2MHzBWTest
150,2,2,2000300,InFrequency,NormalizedExPhase,0.15,-0.15,2MHzBWTest
150,2,2,2000400,InFrequency,NormalizedExPhase,0.15,-0.15,2MHzBWTest
150,2,2,2000500,InFrequency,NormalizedExPhase,0.15,-0.15,2MHzBWTest
150,2,2,1999500,InFrequency,NormalizedStPhase,0.15,-0.15,2MHzBWTest
150,2,2,1999600,InFrequency,NormalizedStPhase,0.15,-0.15,2MHzBWTest
150,2,2,1999700,InFrequency,NormalizedStPhase,0.15,-0.15,2MHzBWTest
150,2,2,1999800,InFrequency,NormalizedStPhase,0.15,-0.15,2MHzBWTest
150,2,2,1999900,InFrequency,NormalizedStPhase,0.15,-0.15,2MHzBWTest
150,2,2,2000000,InFrequency,NormalizedStPhase,0.15,-0.15,2MHzBWTest
150,2,2,2000100,InFrequency,NormalizedStPhase,0.15,-0.15,2MHzBWTest
150,2,2,2000200,InFrequency,NormalizedStPhase,0.15,-0.15,2MHzBWTest
150,2,2,2000300,InFrequency,NormalizedStPhase,0.15,-0.15,2MHzBWTest
150,2,2,2000400,InFrequency,NormalizedStPhase,0.15,-0.15,2MHzBWTest
150,2,2,2000500,InFrequency,NormalizedStPhase,0.15,-0.15,2MHzBWTest
25,2,3,999500,InFrequency,NormalizedExPhase,0.15,-0.15,1MHzBWTest
25,2,3,999600,InFrequency,NormalizedExPhase,0.15,-0.15,1MHzBWTest
25,2,3,999700,InFrequency,NormalizedExPhase,0.15,-0.15,1MHzBWTest
25,2,3,999800,InFrequency,NormalizedExPhase,0.15,-0.15,1MHzBWTest
25,2,3,999900,InFrequency,NormalizedExPhase,0.15,-0.15,1MHzBWTest
25,2,3,1000000,InFrequency,NormalizedExPhase,0.15,-0.15,1MHzBWTest
25,2,3,1000100,InFrequency,NormalizedExPhase,0.15,-0.15,1MHzBWTest
25,2,3,1000200,InFrequency,NormalizedExPhase,0.15,-0.15,1MHzBWTest
25,2,3,1000300,InFrequency,NormalizedExPhase,0.15,-0.15,1MHzBWTest
25,2,3,1000400,InFrequency,NormalizedExPhase,0.15,-0.15,1MHzBWTest
25,2,3,1000500,InFrequency,NormalizedExPhase,0.15,-0.15,1MHzBWTest
25,2,3,999500,InFrequency,NormalizedStPhase,0.15,-0.15,1MHzBWTest
25,2,3,999600,InFrequency,NormalizedStPhase,0.15,-0.15,1MHzBWTest
25,2,3,999700,InFrequency,NormalizedStPhase,0.15,-0.15,1MHzBWTest
25,2,3,999800,InFrequency,NormalizedStPhase,0.15,-0.15,1MHzBWTest
25,2,3,999900,InFrequency,NormalizedStPhase,0.15,-0.15,1MHzBWTest
25,2,3,1000000,InFrequency,NormalizedStPhase,0.15,-0.15,1MHzBWTest
25,2,3,1000100,InFrequency,NormalizedStPhase,0.15,-0.15,1MHzBWTest
25,2,3,1000200,InFrequency,NormalizedStPhase,0.15,-0.15,1MHzBWTest
25,2,3,1000300,InFrequency,NormalizedStPhase,0.15,-0.15,1MHzBWTest
25,2,3,1000400,InFrequency,NormalizedStPhase,0.15,-0.15,1MHzBWTest
25,2,3,1000500,InFrequency,NormalizedStPhase,0.15,-0.15,1MHzBWTest
150,2,3,999500,InFrequency,NormalizedExPhase,0.15,-0.15,1MHzBWTest
150,2,3,999600,InFrequency,NormalizedExPhase,0.15,-0.15,1MHzBWTest
150,2,3,999700,InFrequency,NormalizedExPhase,0.15,-0.15,1MHzBWTest
150,2,3,999800,InFrequency,NormalizedExPhase,0.15,-0.15,1MHzBWTest
150,2,3,999900,InFrequency,NormalizedExPhase,0.15,-0.15,1MHzBWTest
150,2,3,1000000,InFrequency,NormalizedExPhase,0.15,-0.15,1MHzBWTest
150,2,3,1000100,InFrequency,NormalizedExPhase,0.15,-0.15,1MHzBWTest
150,2,3,1000200,InFrequency,NormalizedExPhase,0.15,-0.15,1MHzBWTest
150,2,3,1000300,InFrequency,NormalizedExPhase,0.15,-0.15,1MHzBWTest
150,2,3,1000400,InFrequency,NormalizedExPhase,0.15,-0.15,1MHzBWTest
150,2,3,1000500,InFrequency,NormalizedExPhase,0.15,-0.15,1MHzBWTest
150,2,3,999500,InFrequency,NormalizedStPhase,0.15,-0.15,1MHzBWTest
150,2,3,999600,InFrequency,NormalizedStPhase,0.15,-0.15,1MHzBWTest
150,2,3,999700,InFrequency,NormalizedStPhase,0.15,-0.15,1MHzBWTest
150,2,3,999800,InFrequency,NormalizedStPhase,0.15,-0.15,1MHzBWTest
150,2,3,999900,InFrequency,NormalizedStPhase,0.15,-0.15,1MHzBWTest
150,2,3,1000000,InFrequency,NormalizedStPhase,0.15,-0.15,1MHzBWTest
150,2,3,1000100,InFrequency,NormalizedStPhase,0.15,-0.15,1MHzBWTest
150,2,3,1000200,InFrequency,NormalizedStPhase,0.15,-0.15,1MHzBWTest
150,2,3,1000300,InFrequency,NormalizedStPhase,0.15,-0.15,1MHzBWTest
150,2,3,1000400,InFrequency,NormalizedStPhase,0.15,-0.15,1MHzBWTest
150,2,3,1000500,InFrequency,NormalizedStPhase,0.15,-0.15,1MHzBWTest
25,2,4,-65,InAmp,NormalizedExPhase,0.15,-0.15,2MHzPhaseVsAmpTest
25,2,4,-67,InAmp,NormalizedExPhase,0.15,-0.15,2MHzPhaseVsAmpTest
25,2,4,-69,InAmp,NormalizedExPhase,0.15,-0.15,2MHzPhaseVsAmpTest
25,2,4,-71,InAmp,NormalizedExPhase,0.15,-0.15,2MHzPhaseVsAmpTest
25,2,4,-73,InAmp,NormalizedExPhase,0.15,-0.15,2MHzPhaseVsAmpTest
25,2,4,-75,InAmp,NormalizedExPhase,0.15,-0.15,2MHzPhaseVsAmpTest
25,2,4,-77,InAmp,NormalizedExPhase,0.17,-0.17,2MHzPhaseVsAmpTest
25,2,4,-79,InAmp,NormalizedExPhase,0.19,-0.19,2MHzPhaseVsAmpTest
25,2,4,-81,InAmp,NormalizedExPhase,0.21,-0.21,2MHzPhaseVsAmpTest
25,2,4,-83,InAmp,NormalizedExPhase,0.23,-0.23,2MHzPhaseVsAmpTest
25,2,4,-85,InAmp,NormalizedExPhase,0.25,-0.25,2MHzPhaseVsAmpTest
25,2,4,-87,InAmp,NormalizedExPhase,0.27,-0.27,2MHzPhaseVsAmpTest
25,2,4,-89,InAmp,NormalizedExPhase,0.29,-0.29,2MHzPhaseVsAmpTest
25,2,4,-91,InAmp,NormalizedExPhase,0.31,-0.31,2MHzPhaseVsAmpTest
25,2,4,-93,InAmp,NormalizedExPhase,0.33,-0.33,2MHzPhaseVsAmpTest
25,2,4,-95,InAmp,NormalizedExPhase,0.35,-0.35,2MHzPhaseVsAmpTest
25,2,4,-97,InAmp,NormalizedExPhase,0.37,-0.37,2MHzPhaseVsAmpTest
25,2,4,-99,InAmp,NormalizedExPhase,0.39,-0.39,2MHzPhaseVsAmpTest
25,2,4,-101,InAmp,NormalizedExPhase,0.5,-0.5,2MHzPhaseVsAmpTest
25,2,4,-103,InAmp,NormalizedExPhase,0.5,-0.5,2MHzPhaseVsAmpTest
25,2,4,-105,InAmp,NormalizedExPhase,0.6,-0.6,2MHzPhaseVsAmpTest
25,2,4,-65,InAmp,NormalizedStPhase,0.15,-0.15,2MHzPhaseVsAmpTest
25,2,4,-67,InAmp,NormalizedStPhase,0.15,-0.15,2MHzPhaseVsAmpTest
25,2,4,-69,InAmp,NormalizedStPhase,0.15,-0.15,2MHzPhaseVsAmpTest
25,2,4,-71,InAmp,NormalizedStPhase,0.15,-0.15,2MHzPhaseVsAmpTest
25,2,4,-73,InAmp,NormalizedStPhase,0.15,-0.15,2MHzPhaseVsAmpTest
25,2,4,-75,InAmp,NormalizedStPhase,0.15,-0.15,2MHzPhaseVsAmpTest
25,2,4,-77,InAmp,NormalizedStPhase,0.17,-0.17,2MHzPhaseVsAmpTest
25,2,4,-79,InAmp,NormalizedStPhase,0.19,-0.19,2MHzPhaseVsAmpTest
25,2,4,-81,InAmp,NormalizedStPhase,0.21,-0.21,2MHzPhaseVsAmpTest
25,2,4,-83,InAmp,NormalizedStPhase,0.23,-0.23,2MHzPhaseVsAmpTest
25,2,4,-85,InAmp,NormalizedStPhase,0.25,-0.25,2MHzPhaseVsAmpTest
25,2,4,-87,InAmp,NormalizedStPhase,0.27,-0.27,2MHzPhaseVsAmpTest
25,2,4,-89,InAmp,NormalizedStPhase,0.29,-0.29,2MHzPhaseVsAmpTest
25,2,4,-91,InAmp,NormalizedStPhase,0.31,-0.31,2MHzPhaseVsAmpTest
25,2,4,-93,InAmp,NormalizedStPhase,0.33,-0.33,2MHzPhaseVsAmpTest
25,2,4,-95,InAmp,NormalizedStPhase,0.35,-0.35,2MHzPhaseVsAmpTest
25,2,4,-97,InAmp,NormalizedStPhase,0.37,-0.37,2MHzPhaseVsAmpTest
25,2,4,-99,InAmp,NormalizedStPhase,0.39,-0.39,2MHzPhaseVsAmpTest
25,2,4,-101,InAmp,NormalizedStPhase,0.5,-0.5,2MHzPhaseVsAmpTest
25,2,4,-103,InAmp,NormalizedStPhase,0.5,-0.5,2MHzPhaseVsAmpTest
25,2,4,-105,InAmp,NormalizedStPhase,0.6,-0.6,2MHzPhaseVsAmpTest
150,2,4,-65,InAmp,NormalizedExPhase,0.15,-0.15,2MHzPhaseVsAmpTest
150,2,4,-67,InAmp,NormalizedExPhase,0.15,-0.15,2MHzPhaseVsAmpTest
150,2,4,-69,InAmp,NormalizedExPhase,0.15,-0.15,2MHzPhaseVsAmpTest
150,2,4,-71,InAmp,NormalizedExPhase,0.15,-0.15,2MHzPhaseVsAmpTest
150,2,4,-73,InAmp,NormalizedExPhase,0.15,-0.15,2MHzPhaseVsAmpTest
150,2,4,-75,InAmp,NormalizedExPhase,0.15,-0.15,2MHzPhaseVsAmpTest
150,2,4,-77,InAmp,NormalizedExPhase,0.17,-0.17,2MHzPhaseVsAmpTest
150,2,4,-79,InAmp,NormalizedExPhase,0.19,-0.19,2MHzPhaseVsAmpTest
150,2,4,-81,InAmp,NormalizedExPhase,0.21,-0.21,2MHzPhaseVsAmpTest
150,2,4,-83,InAmp,NormalizedExPhase,0.23,-0.23,2MHzPhaseVsAmpTest
150,2,4,-85,InAmp,NormalizedExPhase,0.25,-0.25,2MHzPhaseVsAmpTest
150,2,4,-87,InAmp,NormalizedExPhase,0.27,-0.27,2MHzPhaseVsAmpTest
150,2,4,-89,InAmp,NormalizedExPhase,0.29,-0.29,2MHzPhaseVsAmpTest
150,2,4,-91,InAmp,NormalizedExPhase,0.31,-0.31,2MHzPhaseVsAmpTest
150,2,4,-93,InAmp,NormalizedExPhase,0.33,-0.33,2MHzPhaseVsAmpTest
150,2,4,-95,InAmp,NormalizedExPhase,0.35,-0.35,2MHzPhaseVsAmpTest
150,2,4,-97,InAmp,NormalizedExPhase,0.37,-0.37,2MHzPhaseVsAmpTest
150,2,4,-99,InAmp,NormalizedExPhase,0.39,-0.39,2MHzPhaseVsAmpTest
150,2,4,-101,InAmp,NormalizedExPhase,0.5,-0.5,2MHzPhaseVsAmpTest
150,2,4,-103,InAmp,NormalizedExPhase,0.5,-0.5,2MHzPhaseVsAmpTest
150,2,4,-105,InAmp,NormalizedExPhase,0.6,-0.6,2MHzPhaseVsAmpTest
150,2,4,-65,InAmp,NormalizedStPhase,0.15,-0.15,2MHzPhaseVsAmpTest
150,2,4,-67,InAmp,NormalizedStPhase,0.15,-0.15,2MHzPhaseVsAmpTest
150,2,4,-69,InAmp,NormalizedStPhase,0.15,-0.15,2MHzPhaseVsAmpTest
150,2,4,-71,InAmp,NormalizedStPhase,0.15,-0.15,2MHzPhaseVsAmpTest
150,2,4,-73,InAmp,NormalizedStPhase,0.15,-0.15,2MHzPhaseVsAmpTest
150,2,4,-75,InAmp,NormalizedStPhase,0.15,-0.15,2MHzPhaseVsAmpTest
150,2,4,-77,InAmp,NormalizedStPhase,0.17,-0.17,2MHzPhaseVsAmpTest
150,2,4,-79,InAmp,NormalizedStPhase,0.19,-0.19,2MHzPhaseVsAmpTest
150,2,4,-81,InAmp,NormalizedStPhase,0.21,-0.21,2MHzPhaseVsAmpTest
150,2,4,-83,InAmp,NormalizedStPhase,0.23,-0.23,2MHzPhaseVsAmpTest
150,2,4,-85,InAmp,NormalizedStPhase,0.25,-0.25,2MHzPhaseVsAmpTest
150,2,4,-87,InAmp,NormalizedStPhase,0.27,-0.27,2MHzPhaseVsAmpTest
150,2,4,-89,InAmp,NormalizedStPhase,0.29,-0.29,2MHzPhaseVsAmpTest
150,2,4,-91,InAmp,NormalizedStPhase,0.31,-0.31,2MHzPhaseVsAmpTest
150,2,4,-93,InAmp,NormalizedStPhase,0.33,-0.33,2MHzPhaseVsAmpTest
150,2,4,-95,InAmp,NormalizedStPhase,0.35,-0.35,2MHzPhaseVsAmpTest
150,2,4,-97,InAmp,NormalizedStPhase,0.37,-0.37,2MHzPhaseVsAmpTest
150,2,4,-99,InAmp,NormalizedStPhase,0.39,-0.39,2MHzPhaseVsAmpTest
150,2,4,-101,InAmp,NormalizedStPhase,0.5,-0.5,2MHzPhaseVsAmpTest
150,2,4,-103,InAmp,NormalizedStPhase,0.5,-0.5,2MHzPhaseVsAmpTest
150,2,4,-105,InAmp,NormalizedStPhase,0.6,-0.6,2MHzPhaseVsAmpTest
25,2,5,-75,InAmp,NormalizedExPhase,0.15,-0.15,1MHzPhaseVsAmpTest
25,2,5,-77,InAmp,NormalizedExPhase,0.17,-0.17,1MHzPhaseVsAmpTest
25,2,5,-79,InAmp,NormalizedExPhase,0.19,-0.19,1MHzPhaseVsAmpTest
25,2,5,-81,InAmp,NormalizedExPhase,0.21,-0.21,1MHzPhaseVsAmpTest
25,2,5,-83,InAmp,NormalizedExPhase,0.23,-0.23,1MHzPhaseVsAmpTest
25,2,5,-85,InAmp,NormalizedExPhase,0.25,-0.25,1MHzPhaseVsAmpTest
25,2,5,-87,InAmp,NormalizedExPhase,0.27,-0.27,1MHzPhaseVsAmpTest
25,2,5,-89,InAmp,NormalizedExPhase,0.29,-0.29,1MHzPhaseVsAmpTest
25,2,5,-91,InAmp,NormalizedExPhase,0.31,-0.31,1MHzPhaseVsAmpTest
25,2,5,-93,InAmp,NormalizedExPhase,0.33,-0.33,1MHzPhaseVsAmpTest
25,2,5,-95,InAmp,NormalizedExPhase,0.35,-0.35,1MHzPhaseVsAmpTest
25,2,5,-97,InAmp,NormalizedExPhase,0.37,-0.37,1MHzPhaseVsAmpTest
25,2,5,-99,InAmp,NormalizedExPhase,0.39,-0.39,1MHzPhaseVsAmpTest
25,2,5,-101,InAmp,NormalizedExPhase,0.5,-0.5,1MHzPhaseVsAmpTest
25,2,5,-103,InAmp,NormalizedExPhase,0.5,-0.5,1MHzPhaseVsAmpTest
25,2,5,-105,InAmp,NormalizedExPhase,0.6,-0.6,1MHzPhaseVsAmpTest
25,2,5,-75,InAmp,NormalizedStPhase,0.15,-0.15,1MHzPhaseVsAmpTest
25,2,5,-77,InAmp,NormalizedStPhase,0.17,-0.17,1MHzPhaseVsAmpTest
25,2,5,-79,InAmp,NormalizedStPhase,0.19,-0.19,1MHzPhaseVsAmpTest
25,2,5,-81,InAmp,NormalizedStPhase,0.21,-0.21,1MHzPhaseVsAmpTest
25,2,5,-83,InAmp,NormalizedStPhase,0.23,-0.23,1MHzPhaseVsAmpTest
25,2,5,-85,InAmp,NormalizedStPhase,0.25,-0.25,1MHzPhaseVsAmpTest
25,2,5,-87,InAmp,NormalizedStPhase,0.27,-0.27,1MHzPhaseVsAmpTest
25,2,5,-89,InAmp,NormalizedStPhase,0.29,-0.29,1MHzPhaseVsAmpTest
25,2,5,-91,InAmp,NormalizedStPhase,0.31,-0.31,1MHzPhaseVsAmpTest
25,2,5,-93,InAmp,NormalizedStPhase,0.33,-0.33,1MHzPhaseVsAmpTest
25,2,5,-95,InAmp,NormalizedStPhase,0.35,-0.35,1MHzPhaseVsAmpTest
25,2,5,-97,InAmp,NormalizedStPhase,0.37,-0.37,1MHzPhaseVsAmpTest
25,2,5,-99,InAmp,NormalizedStPhase,0.39,-0.39,1MHzPhaseVsAmpTest
25,2,5,-101,InAmp,NormalizedStPhase,0.5,-0.5,1MHzPhaseVsAmpTest
25,2,5,-103,InAmp,NormalizedStPhase,0.5,-0.5,1MHzPhaseVsAmpTest
25,2,5,-105,InAmp,NormalizedStPhase,0.6,-0.6,1MHzPhaseVsAmpTest
150,2,5,-75,InAmp,NormalizedExPhase,0.15,-0.15,1MHzPhaseVsAmpTest
150,2,5,-77,InAmp,NormalizedExPhase,0.17,-0.17,1MHzPhaseVsAmpTest
150,2,5,-79,InAmp,NormalizedExPhase,0.19,-0.19,1MHzPhaseVsAmpTest
150,2,5,-81,InAmp,NormalizedExPhase,0.21,-0.21,1MHzPhaseVsAmpTest
150,2,5,-83,InAmp,NormalizedExPhase,0.23,-0.23,1MHzPhaseVsAmpTest
150,2,5,-85,InAmp,NormalizedExPhase,0.25,-0.25,1MHzPhaseVsAmpTest
150,2,5,-87,InAmp,NormalizedExPhase,0.27,-0.27,1MHzPhaseVsAmpTest
150,2,5,-89,InAmp,NormalizedExPhase,0.29,-0.29,1MHzPhaseVsAmpTest
150,2,5,-91,InAmp,NormalizedExPhase,0.31,-0.31,1MHzPhaseVsAmpTest
150,2,5,-93,InAmp,NormalizedExPhase,0.33,-0.33,1MHzPhaseVsAmpTest
150,2,5,-95,InAmp,NormalizedExPhase,0.35,-0.35,1MHzPhaseVsAmpTest
150,2,5,-97,InAmp,NormalizedExPhase,0.37,-0.37,1MHzPhaseVsAmpTest
150,2,5,-99,InAmp,NormalizedExPhase,0.39,-0.39,1MHzPhaseVsAmpTest
150,2,5,-101,InAmp,NormalizedExPhase,0.5,-0.5,1MHzPhaseVsAmpTest
150,2,5,-103,InAmp,NormalizedExPhase,0.5,-0.5,1MHzPhaseVsAmpTest
150,2,5,-105,InAmp,NormalizedExPhase,0.6,-0.6,1MHzPhaseVsAmpTest
150,2,5,-75,InAmp,NormalizedStPhase,0.15,-0.15,1MHzPhaseVsAmpTest
150,2,5,-77,InAmp,NormalizedStPhase,0.17,-0.17,1MHzPhaseVsAmpTest
150,2,5,-79,InAmp,NormalizedStPhase,0.19,-0.19,1MHzPhaseVsAmpTest
150,2,5,-81,InAmp,NormalizedStPhase,0.21,-0.21,1MHzPhaseVsAmpTest
150,2,5,-83,InAmp,NormalizedStPhase,0.23,-0.23,1MHzPhaseVsAmpTest
150,2,5,-85,InAmp,NormalizedStPhase,0.25,-0.25,1MHzPhaseVsAmpTest
150,2,5,-87,InAmp,NormalizedStPhase,0.27,-0.27,1MHzPhaseVsAmpTest
150,2,5,-89,InAmp,NormalizedStPhase,0.29,-0.29,1MHzPhaseVsAmpTest
150,2,5,-91,InAmp,NormalizedStPhase,0.31,-0.31,1MHzPhaseVsAmpTest
150,2,5,-93,InAmp,NormalizedStPhase,0.33,-0.33,1MHzPhaseVsAmpTest
150,2,5,-95,InAmp,NormalizedStPhase,0.35,-0.35,1MHzPhaseVsAmpTest
150,2,5,-97,InAmp,NormalizedStPhase,0.37,-0.37,1MHzPhaseVsAmpTest
150,2,5,-99,InAmp,NormalizedStPhase,0.39,-0.39,1MHzPhaseVsAmpTest
150,2,5,-101,InAmp,NormalizedStPhase,0.5,-0.5,1MHzPhaseVsAmpTest
150,2,5,-103,InAmp,NormalizedStPhase,0.5,-0.5,1MHzPhaseVsAmpTest
150,2,5,-105,InAmp,NormalizedStPhase,0.6,-0.6,1MHzPhaseVsAmpTest
25,2,6,-65,InAmp,CorrectedFarRMS,0.1,-0.1,2MHzCalAmpTest
25,2,6,-67,InAmp,CorrectedFarRMS,0.1,-0.1,2MHzCalAmpTest
25,2,6,-69,InAmp,CorrectedFarRMS,0.1,-0.1,2MHzCalAmpTest
25,2,6,-71,InAmp,CorrectedFarRMS,0.1,-0.1,2MHzCalAmpTest
25,2,6,-73,InAmp,CorrectedFarRMS,0.1,-0.1,2MHzCalAmpTest
25,2,6,-75,InAmp,CorrectedFarRMS,0.1,-0.1,2MHzCalAmpTest
25,2,6,-77,InAmp,CorrectedFarRMS,0.1,-0.1,2MHzCalAmpTest
25,2,6,-79,InAmp,CorrectedFarRMS,0.1,-0.1,2MHzCalAmpTest
25,2,6,-81,InAmp,CorrectedFarRMS,0.1,-0.1,2MHzCalAmpTest
25,2,6,-83,InAmp,CorrectedFarRMS,0.1,-0.1,2MHzCalAmpTest
25,2,6,-85,InAmp,CorrectedFarRMS,0.1,-0.1,2MHzCalAmpTest
25,2,6,-87,InAmp,CorrectedFarRMS,0.1,-0.1,2MHzCalAmpTest
25,2,6,-89,InAmp,CorrectedFarRMS,0.1,-0.1,2MHzCalAmpTest
25,2,6,-91,InAmp,CorrectedFarRMS,0.1,-0.1,2MHzCalAmpTest
25,2,6,-93,InAmp,CorrectedFarRMS,0.1,-0.1,2MHzCalAmpTest
25,2,6,-95,InAmp,CorrectedFarRMS,0.1,-0.1,2MHzCalAmpTest
25,2,6,-97,InAmp,CorrectedFarRMS,0.1,-0.1,2MHzCalAmpTest
25,2,6,-99,InAmp,CorrectedFarRMS,0.1,-0.1,2MHzCalAmpTest
25,2,6,-101,InAmp,CorrectedFarRMS,0.1,-0.1,2MHzCalAmpTest
25,2,6,-103,InAmp,CorrectedFarRMS,0.1,-0.1,2MHzCalAmpTest
25,2,6,-105,InAmp,CorrectedFarRMS,0.1,-0.1,2MHzCalAmpTest
25,2,6,-65,InAmp,CorrectedNearRMS,0.1,-0.1,2MHzCalAmpTest
25,2,6,-67,InAmp,CorrectedNearRMS,0.1,-0.1,2MHzCalAmpTest
25,2,6,-69,InAmp,CorrectedNearRMS,0.1,-0.1,2MHzCalAmpTest
25,2,6,-71,InAmp,CorrectedNearRMS,0.1,-0.1,2MHzCalAmpTest
25,2,6,-73,InAmp,CorrectedNearRMS,0.1,-0.1,2MHzCalAmpTest
25,2,6,-75,InAmp,CorrectedNearRMS,0.1,-0.1,2MHzCalAmpTest
25,2,6,-77,InAmp,CorrectedNearRMS,0.1,-0.1,2MHzCalAmpTest
25,2,6,-79,InAmp,CorrectedNearRMS,0.1,-0.1,2MHzCalAmpTest
25,2,6,-81,InAmp,CorrectedNearRMS,0.1,-0.1,2MHzCalAmpTest
25,2,6,-83,InAmp,CorrectedNearRMS,0.1,-0.1,2MHzCalAmpTest
25,2,6,-85,InAmp,CorrectedNearRMS,0.1,-0.1,2MHzCalAmpTest
25,2,6,-87,InAmp,CorrectedNearRMS,0.1,-0.1,2MHzCalAmpTest
25,2,6,-89,InAmp,CorrectedNearRMS,0.1,-0.1,2MHzCalAmpTest
25,2,6,-91,InAmp,CorrectedNearRMS,0.1,-0.1,2MHzCalAmpTest
25,2,6,-93,InAmp,CorrectedNearRMS,0.1,-0.1,2MHzCalAmpTest
25,2,6,-95,InAmp,CorrectedNearRMS,0.1,-0.1,2MHzCalAmpTest
25,2,6,-97,InAmp,CorrectedNearRMS,0.1,-0.1,2MHzCalAmpTest
25,2,6,-99,InAmp,CorrectedNearRMS,0.1,-0.1,2MHzCalAmpTest
150,2,6,-65,InAmp,CorrectedFarRMS,0.1,-0.1,2MHzCalAmpTest
150,2,6,-67,InAmp,CorrectedFarRMS,0.1,-0.1,2MHzCalAmpTest
150,2,6,-69,InAmp,CorrectedFarRMS,0.1,-0.1,2MHzCalAmpTest
150,2,6,-71,InAmp,CorrectedFarRMS,0.1,-0.1,2MHzCalAmpTest
150,2,6,-73,InAmp,CorrectedFarRMS,0.1,-0.1,2MHzCalAmpTest
150,2,6,-75,InAmp,CorrectedFarRMS,0.1,-0.1,2MHzCalAmpTest
150,2,6,-77,InAmp,CorrectedFarRMS,0.1,-0.1,2MHzCalAmpTest
150,2,6,-79,InAmp,CorrectedFarRMS,0.1,-0.1,2MHzCalAmpTest
150,2,6,-81,InAmp,CorrectedFarRMS,0.1,-0.1,2MHzCalAmpTest
150,2,6,-83,InAmp,CorrectedFarRMS,0.1,-0.1,2MHzCalAmpTest
150,2,6,-85,InAmp,CorrectedFarRMS,0.1,-0.1,2MHzCalAmpTest
150,2,6,-87,InAmp,CorrectedFarRMS,0.1,-0.1,2MHzCalAmpTest
150,2,6,-89,InAmp,CorrectedFarRMS,0.1,-0.1,2MHzCalAmpTest
150,2,6,-91,InAmp,CorrectedFarRMS,0.1,-0.1,2MHzCalAmpTest
150,2,6,-93,InAmp,CorrectedFarRMS,0.1,-0.1,2MHzCalAmpTest
150,2,6,-95,InAmp,CorrectedFarRMS,0.1,-0.1,2MHzCalAmpTest
150,2,6,-97,InAmp,CorrectedFarRMS,0.1,-0.1,2MHzCalAmpTest
150,2,6,-99,InAmp,CorrectedFarRMS,0.1,-0.1,2MHzCalAmpTest
150,2,6,-101,InAmp,CorrectedFarRMS,0.1,-0.1,2MHzCalAmpTest
150,2,6,-103,InAmp,CorrectedFarRMS,0.1,-0.1,2MHzCalAmpTest
150,2,6,-105,InAmp,CorrectedFarRMS,0.1,-0.1,2MHzCalAmpTest
150,2,6,-65,InAmp,CorrectedNearRMS,0.1,-0.1,2MHzCalAmpTest
150,2,6,-67,InAmp,CorrectedNearRMS,0.1,-0.1,2MHzCalAmpTest
150,2,6,-69,InAmp,CorrectedNearRMS,0.1,-0.1,2MHzCalAmpTest
150,2,6,-71,InAmp,CorrectedNearRMS,0.1,-0.1,2MHzCalAmpTest
150,2,6,-73,InAmp,CorrectedNearRMS,0.1,-0.1,2MHzCalAmpTest
150,2,6,-75,InAmp,CorrectedNearRMS,0.1,-0.1,2MHzCalAmpTest
150,2,6,-77,InAmp,CorrectedNearRMS,0.1,-0.1,2MHzCalAmpTest
150,2,6,-79,InAmp,CorrectedNearRMS,0.1,-0.1,2MHzCalAmpTest
150,2,6,-81,InAmp,CorrectedNearRMS,0.1,-0.1,2MHzCalAmpTest
150,2,6,-83,InAmp,CorrectedNearRMS,0.1,-0.1,2MHzCalAmpTest
150,2,6,-85,InAmp,CorrectedNearRMS,0.1,-0.1,2MHzCalAmpTest
150,2,6,-87,InAmp,CorrectedNearRMS,0.1,-0.1,2MHzCalAmpTest
150,2,6,-89,InAmp,CorrectedNearRMS,0.1,-0.1,2MHzCalAmpTest
150,2,6,-91,InAmp,CorrectedNearRMS,0.1,-0.1,2MHzCalAmpTest
150,2,6,-93,InAmp,CorrectedNearRMS,0.1,-0.1,2MHzCalAmpTest
150,2,6,-95,InAmp,CorrectedNearRMS,0.1,-0.1,2MHzCalAmpTest
150,2,6,-97,InAmp,CorrectedNearRMS,0.1,-0.1,2MHzCalAmpTest
150,2,6,-99,InAmp,CorrectedNearRMS,0.1,-0.1,2MHzCalAmpTest
25,2,7,-75,InAmp,CorrectedFarRMS,0.1,-0.1,1MHzCalAmpTest
25,2,7,-77,InAmp,CorrectedFarRMS,0.1,-0.1,1MHzCalAmpTest
25,2,7,-79,InAmp,CorrectedFarRMS,0.1,-0.1,1MHzCalAmpTest
25,2,7,-81,InAmp,CorrectedFarRMS,0.1,-0.1,1MHzCalAmpTest
25,2,7,-83,InAmp,CorrectedFarRMS,0.1,-0.1,1MHzCalAmpTest
25,2,7,-85,InAmp,CorrectedFarRMS,0.1,-0.1,1MHzCalAmpTest
25,2,7,-87,InAmp,CorrectedFarRMS,0.1,-0.1,1MHzCalAmpTest
25,2,7,-89,InAmp,CorrectedFarRMS,0.1,-0.1,1MHzCalAmpTest
25,2,7,-91,InAmp,CorrectedFarRMS,0.1,-0.1,1MHzCalAmpTest
25,2,7,-93,InAmp,CorrectedFarRMS,0.1,-0.1,1MHzCalAmpTest
25,2,7,-95,InAmp,CorrectedFarRMS,0.1,-0.1,1MHzCalAmpTest
25,2,7,-97,InAmp,CorrectedFarRMS,0.1,-0.1,1MHzCalAmpTest
25,2,7,-99,InAmp,CorrectedFarRMS,0.1,-0.1,1MHzCalAmpTest
25,2,7,-101,InAmp,CorrectedFarRMS,0.3,-0.3,1MHzCalAmpTest
25,2,7,-103,InAmp,CorrectedFarRMS,0.5,-0.5,1MHzCalAmpTest
25,2,7,-105,InAmp,CorrectedFarRMS,0.6,-0.6,1MHzCalAmpTest
25,2,7,-75,InAmp,CorrectedNearRMS,0.1,-0.1,1MHzCalAmpTest
25,2,7,-77,InAmp,CorrectedNearRMS,0.1,-0.1,1MHzCalAmpTest
25,2,7,-79,InAmp,CorrectedNearRMS,0.1,-0.1,1MHzCalAmpTest
25,2,7,-81,InAmp,CorrectedNearRMS,0.1,-0.1,1MHzCalAmpTest
25,2,7,-83,InAmp,CorrectedNearRMS,0.1,-0.1,1MHzCalAmpTest
25,2,7,-85,InAmp,CorrectedNearRMS,0.1,-0.1,1MHzCalAmpTest
25,2,7,-87,InAmp,CorrectedNearRMS,0.1,-0.1,1MHzCalAmpTest
25,2,7,-89,InAmp,CorrectedNearRMS,0.1,-0.1,1MHzCalAmpTest
25,2,7,-91,InAmp,CorrectedNearRMS,0.1,-0.1,1MHzCalAmpTest
25,2,7,-93,InAmp,CorrectedNearRMS,0.1,-0.1,1MHzCalAmpTest
25,2,7,-95,InAmp,CorrectedNearRMS,0.1,-0.1,1MHzCalAmpTest
25,2,7,-97,InAmp,CorrectedNearRMS,0.1,-0.1,1MHzCalAmpTest
25,2,7,-99,InAmp,CorrectedNearRMS,0.1,-0.1,1MHzCalAmpTest
150,2,7,-75,InAmp,CorrectedFarRMS,0.1,-0.1,1MHzCalAmpTest
150,2,7,-77,InAmp,CorrectedFarRMS,0.1,-0.1,1MHzCalAmpTest
150,2,7,-79,InAmp,CorrectedFarRMS,0.1,-0.1,1MHzCalAmpTest
150,2,7,-81,InAmp,CorrectedFarRMS,0.1,-0.1,1MHzCalAmpTest
150,2,7,-83,InAmp,CorrectedFarRMS,0.1,-0.1,1MHzCalAmpTest
150,2,7,-85,InAmp,CorrectedFarRMS,0.1,-0.1,1MHzCalAmpTest
150,2,7,-87,InAmp,CorrectedFarRMS,0.1,-0.1,1MHzCalAmpTest
150,2,7,-89,InAmp,CorrectedFarRMS,0.1,-0.1,1MHzCalAmpTest
150,2,7,-91,InAmp,CorrectedFarRMS,0.1,-0.1,1MHzCalAmpTest
150,2,7,-93,InAmp,CorrectedFarRMS,0.1,-0.1,1MHzCalAmpTest
150,2,7,-95,InAmp,CorrectedFarRMS,0.1,-0.1,1MHzCalAmpTest
150,2,7,-97,InAmp,CorrectedFarRMS,0.1,-0.1,1MHzCalAmpTest
150,2,7,-99,InAmp,CorrectedFarRMS,0.1,-0.1,1MHzCalAmpTest
150,2,7,-101,InAmp,CorrectedFarRMS,0.1,-0.1,1MHzCalAmpTest
150,2,7,-103,InAmp,CorrectedFarRMS,0.1,-0.1,1MHzCalAmpTest
150,2,7,-105,InAmp,CorrectedFarRMS,0.1,-0.1,1MHzCalAmpTest
150,2,7,-75,InAmp,CorrectedNearRMS,0.1,-0.1,1MHzCalAmpTest
150,2,7,-77,InAmp,CorrectedNearRMS,0.1,-0.1,1MHzCalAmpTest
150,2,7,-79,InAmp,CorrectedNearRMS,0.1,-0.1,1MHzCalAmpTest
150,2,7,-81,InAmp,CorrectedNearRMS,0.1,-0.1,1MHzCalAmpTest
150,2,7,-83,InAmp,CorrectedNearRMS,0.1,-0.1,1MHzCalAmpTest
150,2,7,-85,InAmp,CorrectedNearRMS,0.1,-0.1,1MHzCalAmpTest
150,2,7,-87,InAmp,CorrectedNearRMS,0.1,-0.1,1MHzCalAmpTest
150,2,7,-89,InAmp,CorrectedNearRMS,0.1,-0.1,1MHzCalAmpTest
150,2,7,-91,InAmp,CorrectedNearRMS,0.1,-0.1,1MHzCalAmpTest
150,2,7,-93,InAmp,CorrectedNearRMS,0.1,-0.1,1MHzCalAmpTest
150,2,7,-95,InAmp,CorrectedNearRMS,0.1,-0.1,1MHzCalAmpTest
150,2,7,-97,InAmp,CorrectedNearRMS,0.1,-0.1,1MHzCalAmpTest
150,2,7,-99,InAmp,CorrectedNearRMS,0.1,-0.1,1MHzCalAmpTest
25,2,8,-40,InPhase,NormalizedExPhase,0.144,-0.144,2MHzPhaseLinearity
25,2,8,-30,InPhase,NormalizedExPhase,0.133,-0.133,2MHzPhaseLinearity
25,2,8,-20,InPhase,NormalizedExPhase,0.122,-0.122,2MHzPhaseLinearity
25,2,8,-10,InPhase,NormalizedExPhase,0.111,-0.111,2MHzPhaseLinearity
25,2,8,0,InPhase,NormalizedExPhase,0.1,-0.1,2MHzPhaseLinearity
25,2,8,10,InPhase,NormalizedExPhase,0.111,-0.111,2MHzPhaseLinearity
25,2,8,20,InPhase,NormalizedExPhase,0.122,-0.122,2MHzPhaseLinearity
25,2,8,30,InPhase,NormalizedExPhase,0.133,-0.133,2MHzPhaseLinearity
25,2,8,40,InPhase,NormalizedExPhase,0.144,-0.144,2MHzPhaseLinearity
25,2,8,-40,InPhase,NormalizedStPhase,0.144,-0.144,2MHzPhaseLinearity
25,2,8,-30,InPhase,NormalizedStPhase,0.133,-0.133,2MHzPhaseLinearity
25,2,8,-20,InPhase,NormalizedStPhase,0.122,-0.122,2MHzPhaseLinearity
25,2,8,-10,InPhase,NormalizedStPhase,0.111,-0.111,2MHzPhaseLinearity
25,2,8,0,InPhase,NormalizedStPhase,0.1,-0.1,2MHzPhaseLinearity
25,2,8,10,InPhase,NormalizedStPhase,0.111,-0.111,2MHzPhaseLinearity
25,2,8,20,InPhase,NormalizedStPhase,0.122,-0.122,2MHzPhaseLinearity
25,2,8,30,InPhase,NormalizedStPhase,0.133,-0.133,2MHzPhaseLinearity
25,2,8,40,InPhase,NormalizedStPhase,0.144,-0.144,2MHzPhaseLinearity
150,2,8,-40,InPhase,NormalizedExPhase,0.144,-0.144,2MHzPhaseLinearity
150,2,8,-30,InPhase,NormalizedExPhase,0.133,-0.133,2MHzPhaseLinearity
150,2,8,-20,InPhase,NormalizedExPhase,0.122,-0.122,2MHzPhaseLinearity
150,2,8,-10,InPhase,NormalizedExPhase,0.111,-0.111,2MHzPhaseLinearity
150,2,8,0,InPhase,NormalizedExPhase,0.1,-0.1,2MHzPhaseLinearity
150,2,8,10,InPhase,NormalizedExPhase,0.111,-0.111,2MHzPhaseLinearity
150,2,8,20,InPhase,NormalizedExPhase,0.122,-0.122,2MHzPhaseLinearity
150,2,8,30,InPhase,NormalizedExPhase,0.133,-0.133,2MHzPhaseLinearity
150,2,8,40,InPhase,NormalizedExPhase,0.144,-0.144,2MHzPhaseLinearity
150,2,8,-40,InPhase,NormalizedStPhase,0.144,-0.144,2MHzPhaseLinearity
150,2,8,-30,InPhase,NormalizedStPhase,0.133,-0.133,2MHzPhaseLinearity
150,2,8,-20,InPhase,NormalizedStPhase,0.122,-0.122,2MHzPhaseLinearity
150,2,8,-10,InPhase,NormalizedStPhase,0.111,-0.111,2MHzPhaseLinearity
150,2,8,0,InPhase,NormalizedStPhase,0.1,-0.1,2MHzPhaseLinearity
150,2,8,10,InPhase,NormalizedStPhase,0.111,-0.111,2MHzPhaseLinearity
150,2,8,20,InPhase,NormalizedStPhase,0.122,-0.122,2MHzPhaseLinearity
150,2,8,30,InPhase,NormalizedStPhase,0.133,-0.133,2MHzPhaseLinearity
150,2,8,40,InPhase,NormalizedStPhase,0.144,-0.144,2MHzPhaseLinearity
25,2,9,-40,InPhase,NormalizedExPhase,0.144,-0.144,1MHzPhaseLinearity
25,2,9,-30,InPhase,NormalizedExPhase,0.133,-0.133,1MHzPhaseLinearity
25,2,9,-20,InPhase,NormalizedExPhase,0.122,-0.122,1MHzPhaseLinearity
25,2,9,-10,InPhase,NormalizedExPhase,0.111,-0.111,1MHzPhaseLinearity
25,2,9,0,InPhase,NormalizedExPhase,0.1,-0.1,1MHzPhaseLinearity
25,2,9,10,InPhase,NormalizedExPhase,0.111,-0.111,1MHzPhaseLinearity
25,2,9,20,InPhase,NormalizedExPhase,0.122,-0.122,1MHzPhaseLinearity
25,2,9,30,InPhase,NormalizedExPhase,0.133,-0.133,1MHzPhaseLinearity
25,2,9,40,InPhase,NormalizedExPhase,0.144,-0.144,1MHzPhaseLinearity
25,2,9,-40,InPhase,NormalizedStPhase,0.144,-0.144,1MHzPhaseLinearity
25,2,9,-30,InPhase,NormalizedStPhase,0.133,-0.133,1MHzPhaseLinearity
25,2,9,-20,InPhase,NormalizedStPhase,0.122,-0.122,1MHzPhaseLinearity
25,2,9,-10,InPhase,NormalizedStPhase,0.111,-0.111,1MHzPhaseLinearity
25,2,9,0,InPhase,NormalizedStPhase,0.1,-0.1,1MHzPhaseLinearity
25,2,9,10,InPhase,NormalizedStPhase,0.111,-0.111,1MHzPhaseLinearity
25,2,9,20,InPhase,NormalizedStPhase,0.122,-0.122,1MHzPhaseLinearity
25,2,9,30,InPhase,NormalizedStPhase,0.133,-0.133,1MHzPhaseLinearity
25,2,9,40,InPhase,NormalizedStPhase,0.144,-0.144,1MHzPhaseLinearity
150,2,9,-40,InPhase,NormalizedExPhase,0.144,-0.144,1MHzPhaseLinearity
150,2,9,-30,InPhase,NormalizedExPhase,0.133,-0.133,1MHzPhaseLinearity
150,2,9,-20,InPhase,NormalizedExPhase,0.122,-0.122,1MHzPhaseLinearity
150,2,9,-10,InPhase,NormalizedExPhase,0.111,-0.111,1MHzPhaseLinearity
150,2,9,0,InPhase,NormalizedExPhase,0.1,-0.1,1MHzPhaseLinearity
150,2,9,10,InPhase,NormalizedExPhase,0.111,-0.111,1MHzPhaseLinearity
150,2,9,20,InPhase,NormalizedExPhase,0.122,-0.122,1MHzPhaseLinearity
150,2,9,30,InPhase,NormalizedExPhase,0.133,-0.133,1MHzPhaseLinearity
150,2,9,40,InPhase,NormalizedExPhase,0.144,-0.144,1MHzPhaseLinearity
150,2,9,-40,InPhase,NormalizedStPhase,0.144,-0.144,1MHzPhaseLinearity
150,2,9,-30,InPhase,NormalizedStPhase,0.133,-0.133,1MHzPhaseLinearity
150,2,9,-20,InPhase,NormalizedStPhase,0.122,-0.122,1MHzPhaseLinearity
150,2,9,-10,InPhase,NormalizedStPhase,0.111,-0.111,1MHzPhaseLinearity
150,2,9,0,InPhase,NormalizedStPhase,0.1,-0.1,1MHzPhaseLinearity
150,2,9,10,InPhase,NormalizedStPhase,0.111,-0.111,1MHzPhaseLinearity
150,2,9,20,InPhase,NormalizedStPhase,0.122,-0.122,1MHzPhaseLinearity
150,2,9,30,InPhase,NormalizedStPhase,0.133,-0.133,1MHzPhaseLinearity
150,2,9,40,InPhase,NormalizedStPhase,0.144,-0.144,1MHzPhaseLinearity
-15,2,1,20,TargSBV,SubbusI,100,50,PowerTest
-15,2,1,20,TargSBV,SubbusV,21,19,PowerTest
-15,2,1,20,TargSBV,11V,11.5,10.5,PowerTest
-15,2,1,20,TargSBV,6.8V,7.14,6.46,PowerTest
-15,2,1,20,TargSBV,DAC_0.0V,0.3,-0.3,PowerTest
-15,2,1,20,TargSBV,DAC_1.4V,1.5,1.3,PowerTest
-15,2,1,20,TargSBV,DAC_2.2V,2.3,2.1,PowerTest
-15,2,1,20,TargSBV,DAC_2.8V,2.9,2.7,PowerTest
-15,2,1,20,TargSBV,DAC_4.3V,4.4,4.2,PowerTest
175,2,1,20,TargSBV,SubbusI,100,50,PowerTest
175,2,1,20,TargSBV,SubbusV,21,19,PowerTest
175,2,1,20,TargSBV,11V,11.5,10.5,PowerTest
175,2,1,20,TargSBV,6.8V,7.14,6.46,PowerTest
175,2,1,20,TargSBV,DAC_0.0V,0.3,-0.3,PowerTest
175,2,1,20,TargSBV,DAC_1.4V,1.5,1.3,PowerTest
175,2,1,20,TargSBV,DAC_2.2V,2.3,2.1,PowerTest
175,2,1,20,TargSBV,DAC_2.8V,2.9,2.7,PowerTest
175,2,1,20,TargSBV,DAC_4.3V,4.4,4.2,PowerTest
-15,2,2,1999500,InFrequency,NormalizedExPhase,0.1,-0.1,2MHzBWTest
-15,2,2,1999600,InFrequency,NormalizedExPhase,0.1,-0.1,2MHzBWTest
-15,2,2,1999700,InFrequency,NormalizedExPhase,0.1,-0.1,2MHzBWTest
-15,2,2,1999800,InFrequency,NormalizedExPhase,0.1,-0.1,2MHzBWTest
-15,2,2,1999900,InFrequency,NormalizedExPhase,0.1,-0.1,2MHzBWTest
-15,2,2,2000000,InFrequency,NormalizedExPhase,0.1,-0.1,2MHzBWTest
-15,2,2,2000100,InFrequency,NormalizedExPhase,0.1,-0.1,2MHzBWTest
-15,2,2,2000200,InFrequency,NormalizedExPhase,0.1,-0.1,2MHzBWTest
-15,2,2,2000300,InFrequency,NormalizedExPhase,0.1,-0.1,2MHzBWTest
-15,2,2,2000400,InFrequency,NormalizedExPhase,0.1,-0.1,2MHzBWTest
-15,2,2,2000500,InFrequency,NormalizedExPhase,0.1,-0.1,2MHzBWTest
-15,2,2,1999500,InFrequency,NormalizedStPhase,0.1,-0.1,2MHzBWTest
-15,2,2,1999600,InFrequency,NormalizedStPhase,0.1,-0.1,2MHzBWTest
-15,2,2,1999700,InFrequency,NormalizedStPhase,0.1,-0.1,2MHzBWTest
-15,2,2,1999800,InFrequency,NormalizedStPhase,0.1,-0.1,2MHzBWTest
-15,2,2,1999900,InFrequency,NormalizedStPhase,0.1,-0.1,2MHzBWTest
-15,2,2,2000000,InFrequency,NormalizedStPhase,0.1,-0.1,2MHzBWTest
-15,2,2,2000100,InFrequency,NormalizedStPhase,0.1,-0.1,2MHzBWTest
-15,2,2,2000200,InFrequency,NormalizedStPhase,0.1,-0.1,2MHzBWTest
-15,2,2,2000300,InFrequency,NormalizedStPhase,0.1,-0.1,2MHzBWTest
-15,2,2,2000400,InFrequency,NormalizedStPhase,0.1,-0.1,2MHzBWTest
-15,2,2,2000500,InFrequency,NormalizedStPhase,0.1,-0.1,2MHzBWTest
175,2,2,1999500,InFrequency,NormalizedExPhase,0.1,-0.1,2MHzBWTest
175,2,2,1999600,InFrequency,NormalizedExPhase,0.1,-0.1,2MHzBWTest
175,2,2,1999700,InFrequency,NormalizedExPhase,0.1,-0.1,2MHzBWTest
175,2,2,1999800,InFrequency,NormalizedExPhase,0.1,-0.1,2MHzBWTest
175,2,2,1999900,InFrequency,NormalizedExPhase,0.1,-0.1,2MHzBWTest
175,2,2,2000000,InFrequency,NormalizedExPhase,0.1,-0.1,2MHzBWTest
175,2,2,2000100,InFrequency,NormalizedExPhase,0.1,-0.1,2MHzBWTest
175,2,2,2000200,InFrequency,NormalizedExPhase,0.1,-0.1,2MHzBWTest
175,2,2,2000300,InFrequency,NormalizedExPhase,0.1,-0.1,2MHzBWTest
175,2,2,2000400,InFrequency,NormalizedExPhase,0.1,-0.1,2MHzBWTest
175,2,2,2000500,InFrequency,NormalizedExPhase,0.1,-0.1,2MHzBWTest
175,2,2,1999500,InFrequency,NormalizedStPhase,0.1,-0.1,2MHzBWTest
175,2,2,1999600,InFrequency,NormalizedStPhase,0.1,-0.1,2MHzBWTest
175,2,2,1999700,InFrequency,NormalizedStPhase,0.1,-0.1,2MHzBWTest
175,2,2,1999800,InFrequency,NormalizedStPhase,0.1,-0.1,2MHzBWTest
175,2,2,1999900,InFrequency,NormalizedStPhase,0.1,-0.1,2MHzBWTest
175,2,2,2000000,InFrequency,NormalizedStPhase,0.1,-0.1,2MHzBWTest
175,2,2,2000100,InFrequency,NormalizedStPhase,0.1,-0.1,2MHzBWTest
175,2,2,2000200,InFrequency,NormalizedStPhase,0.1,-0.1,2MHzBWTest
175,2,2,2000300,InFrequency,NormalizedStPhase,0.1,-0.1,2MHzBWTest
175,2,2,2000400,InFrequency,NormalizedStPhase,0.1,-0.1,2MHzBWTest
175,2,2,2000500,InFrequency,NormalizedStPhase,0.1,-0.1,2MHzBWTest
-15,2,3,999500,InFrequency,NormalizedExPhase,0.1,-0.1,1MHzBWTest
-15,2,3,999600,InFrequency,NormalizedExPhase,0.1,-0.1,1MHzBWTest
-15,2,3,999700,InFrequency,NormalizedExPhase,0.1,-0.1,1MHzBWTest
-15,2,3,999800,InFrequency,NormalizedExPhase,0.1,-0.1,1MHzBWTest
-15,2,3,999900,InFrequency,NormalizedExPhase,0.1,-0.1,1MHzBWTest
-15,2,3,1000000,InFrequency,NormalizedExPhase,0.1,-0.1,1MHzBWTest
-15,2,3,1000100,InFrequency,NormalizedExPhase,0.1,-0.1,1MHzBWTest
-15,2,3,1000200,InFrequency,NormalizedExPhase,0.1,-0.1,1MHzBWTest
-15,2,3,1000300,InFrequency,NormalizedExPhase,0.1,-0.1,1MHzBWTest
-15,2,3,1000400,InFrequency,NormalizedExPhase,0.1,-0.1,1MHzBWTest
-15,2,3,1000500,InFrequency,NormalizedExPhase,0.1,-0.1,1MHzBWTest
-15,2,3,999500,InFrequency,NormalizedStPhase,0.1,-0.1,1MHzBWTest
-15,2,3,999600,InFrequency,NormalizedStPhase,0.1,-0.1,1MHzBWTest
-15,2,3,999700,InFrequency,NormalizedStPhase,0.1,-0.1,1MHzBWTest
-15,2,3,999800,InFrequency,NormalizedStPhase,0.1,-0.1,1MHzBWTest
-15,2,3,999900,InFrequency,NormalizedStPhase,0.1,-0.1,1MHzBWTest
-15,2,3,1000000,InFrequency,NormalizedStPhase,0.1,-0.1,1MHzBWTest
-15,2,3,1000100,InFrequency,NormalizedStPhase,0.1,-0.1,1MHzBWTest
-15,2,3,1000200,InFrequency,NormalizedStPhase,0.1,-0.1,1MHzBWTest
-15,2,3,1000300,InFrequency,NormalizedStPhase,0.1,-0.1,1MHzBWTest
-15,2,3,1000400,InFrequency,NormalizedStPhase,0.1,-0.1,1MHzBWTest
-15,2,3,1000500,InFrequency,NormalizedStPhase,0.1,-0.1,1MHzBWTest
175,2,3,999500,InFrequency,NormalizedExPhase,0.1,-0.1,1MHzBWTest
175,2,3,999600,InFrequency,NormalizedExPhase,0.1,-0.1,1MHzBWTest
175,2,3,999700,InFrequency,NormalizedExPhase,0.1,-0.1,1MHzBWTest
175,2,3,999800,InFrequency,NormalizedExPhase,0.1,-0.1,1MHzBWTest
175,2,3,999900,InFrequency,NormalizedExPhase,0.1,-0.1,1MHzBWTest
175,2,3,1000000,InFrequency,NormalizedExPhase,0.1,-0.1,1MHzBWTest
175,2,3,1000100,InFrequency,NormalizedExPhase,0.1,-0.1,1MHzBWTest
175,2,3,1000200,InFrequency,NormalizedExPhase,0.1,-0.1,1MHzBWTest
175,2,3,1000300,InFrequency,NormalizedExPhase,0.1,-0.1,1MHzBWTest
175,2,3,1000400,InFrequency,NormalizedExPhase,0.1,-0.1,1MHzBWTest
175,2,3,1000500,InFrequency,NormalizedExPhase,0.1,-0.1,1MHzBWTest
175,2,3,999500,InFrequency,NormalizedStPhase,0.1,-0.1,1MHzBWTest
175,2,3,999600,InFrequency,NormalizedStPhase,0.1,-0.1,1MHzBWTest
175,2,3,999700,InFrequency,NormalizedStPhase,0.1,-0.1,1MHzBWTest
175,2,3,999800,InFrequency,NormalizedStPhase,0.1,-0.1,1MHzBWTest
175,2,3,999900,InFrequency,NormalizedStPhase,0.1,-0.1,1MHzBWTest
175,2,3,1000000,InFrequency,NormalizedStPhase,0.1,-0.1,1MHzBWTest
175,2,3,1000100,InFrequency,NormalizedStPhase,0.1,-0.1,1MHzBWTest
175,2,3,1000200,InFrequency,NormalizedStPhase,0.1,-0.1,1MHzBWTest
175,2,3,1000300,InFrequency,NormalizedStPhase,0.1,-0.1,1MHzBWTest
175,2,3,1000400,InFrequency,NormalizedStPhase,0.1,-0.1,1MHzBWTest
175,2,3,1000500,InFrequency,NormalizedStPhase,0.1,-0.1,1MHzBWTest
-15,2,4,-65,InAmp,NormalizedExPhase,0.1,-0.1,2MHzPhaseVsAmpTest
-15,2,4,-67,InAmp,NormalizedExPhase,0.1,-0.1,2MHzPhaseVsAmpTest
-15,2,4,-69,InAmp,NormalizedExPhase,0.1,-0.1,2MHzPhaseVsAmpTest
-15,2,4,-71,InAmp,NormalizedExPhase,0.1,-0.1,2MHzPhaseVsAmpTest
-15,2,4,-73,InAmp,NormalizedExPhase,0.1,-0.1,2MHzPhaseVsAmpTest
-15,2,4,-75,InAmp,NormalizedExPhase,0.1,-0.1,2MHzPhaseVsAmpTest
-15,2,4,-77,InAmp,NormalizedExPhase,0.1,-0.1,2MHzPhaseVsAmpTest
-15,2,4,-79,InAmp,NormalizedExPhase,0.1,-0.1,2MHzPhaseVsAmpTest
-15,2,4,-81,InAmp,NormalizedExPhase,0.1,-0.1,2MHzPhaseVsAmpTest
-15,2,4,-83,InAmp,NormalizedExPhase,0.1,-0.1,2MHzPhaseVsAmpTest
-15,2,4,-85,InAmp,NormalizedExPhase,0.1,-0.1,2MHzPhaseVsAmpTest
-15,2,4,-87,InAmp,NormalizedExPhase,0.1,-0.1,2MHzPhaseVsAmpTest
-15,2,4,-89,InAmp,NormalizedExPhase,0.1,-0.1,2MHzPhaseVsAmpTest
-15,2,4,-91,InAmp,NormalizedExPhase,0.1,-0.1,2MHzPhaseVsAmpTest
-15,2,4,-93,InAmp,NormalizedExPhase,0.1,-0.1,2MHzPhaseVsAmpTest
-15,2,4,-95,InAmp,NormalizedExPhase,0.1,-0.1,2MHzPhaseVsAmpTest
-15,2,4,-97,InAmp,NormalizedExPhase,0.1,-0.1,2MHzPhaseVsAmpTest
-15,2,4,-99,InAmp,NormalizedExPhase,0.1,-0.1,2MHzPhaseVsAmpTest
-15,2,4,-101,InAmp,NormalizedExPhase,0.3,-0.3,2MHzPhaseVsAmpTest
-15,2,4,-103,InAmp,NormalizedExPhase,0.5,-0.5,2MHzPhaseVsAmpTest
-15,2,4,-105,InAmp,NormalizedExPhase,0.6,-0.6,2MHzPhaseVsAmpTest
-15,2,4,-65,InAmp,NormalizedStPhase,0.1,-0.1,2MHzPhaseVsAmpTest
-15,2,4,-67,InAmp,NormalizedStPhase,0.1,-0.1,2MHzPhaseVsAmpTest
-15,2,4,-69,InAmp,NormalizedStPhase,0.1,-0.1,2MHzPhaseVsAmpTest
-15,2,4,-71,InAmp,NormalizedStPhase,0.1,-0.1,2MHzPhaseVsAmpTest
-15,2,4,-73,InAmp,NormalizedStPhase,0.1,-0.1,2MHzPhaseVsAmpTest
-15,2,4,-75,InAmp,NormalizedStPhase,0.1,-0.1,2MHzPhaseVsAmpTest
-15,2,4,-77,InAmp,NormalizedStPhase,0.1,-0.1,2MHzPhaseVsAmpTest
-15,2,4,-79,InAmp,NormalizedStPhase,0.1,-0.1,2MHzPhaseVsAmpTest
-15,2,4,-81,InAmp,NormalizedStPhase,0.1,-0.1,2MHzPhaseVsAmpTest
-15,2,4,-83,InAmp,NormalizedStPhase,0.1,-0.1,2MHzPhaseVsAmpTest
-15,2,4,-85,InAmp,NormalizedStPhase,0.1,-0.1,2MHzPhaseVsAmpTest
-15,2,4,-87,InAmp,NormalizedStPhase,0.1,-0.1,2MHzPhaseVsAmpTest
-15,2,4,-89,InAmp,NormalizedStPhase,0.1,-0.1,2MHzPhaseVsAmpTest
-15,2,4,-91,InAmp,NormalizedStPhase,0.1,-0.1,2MHzPhaseVsAmpTest
-15,2,4,-93,InAmp,NormalizedStPhase,0.1,-0.1,2MHzPhaseVsAmpTest
-15,2,4,-95,InAmp,NormalizedStPhase,0.1,-0.1,2MHzPhaseVsAmpTest
-15,2,4,-97,InAmp,NormalizedStPhase,0.1,-0.1,2MHzPhaseVsAmpTest
-15,2,4,-99,InAmp,NormalizedStPhase,0.1,-0.1,2MHzPhaseVsAmpTest
-15,2,4,-101,InAmp,NormalizedStPhase,0.3,-0.3,2MHzPhaseVsAmpTest
-15,2,4,-103,InAmp,NormalizedStPhase,0.5,-0.5,2MHzPhaseVsAmpTest
-15,2,4,-105,InAmp,NormalizedStPhase,0.6,-0.6,2MHzPhaseVsAmpTest
175,2,4,-65,InAmp,NormalizedExPhase,0.1,-0.1,2MHzPhaseVsAmpTest
175,2,4,-67,InAmp,NormalizedExPhase,0.1,-0.1,2MHzPhaseVsAmpTest
175,2,4,-69,InAmp,NormalizedExPhase,0.1,-0.1,2MHzPhaseVsAmpTest
175,2,4,-71,InAmp,NormalizedExPhase,0.1,-0.1,2MHzPhaseVsAmpTest
175,2,4,-73,InAmp,NormalizedExPhase,0.1,-0.1,2MHzPhaseVsAmpTest
175,2,4,-75,InAmp,NormalizedExPhase,0.1,-0.1,2MHzPhaseVsAmpTest
175,2,4,-77,InAmp,NormalizedExPhase,0.1,-0.1,2MHzPhaseVsAmpTest
175,2,4,-79,InAmp,NormalizedExPhase,0.1,-0.1,2MHzPhaseVsAmpTest
175,2,4,-81,InAmp,NormalizedExPhase,0.1,-0.1,2MHzPhaseVsAmpTest
175,2,4,-83,InAmp,NormalizedExPhase,0.1,-0.1,2MHzPhaseVsAmpTest
175,2,4,-85,InAmp,NormalizedExPhase,0.1,-0.1,2MHzPhaseVsAmpTest
175,2,4,-87,InAmp,NormalizedExPhase,0.1,-0.1,2MHzPhaseVsAmpTest
175,2,4,-89,InAmp,NormalizedExPhase,0.1,-0.1,2MHzPhaseVsAmpTest
175,2,4,-91,InAmp,NormalizedExPhase,0.1,-0.1,2MHzPhaseVsAmpTest
175,2,4,-93,InAmp,NormalizedExPhase,0.1,-0.1,2MHzPhaseVsAmpTest
175,2,4,-95,InAmp,NormalizedExPhase,0.1,-0.1,2MHzPhaseVsAmpTest
175,2,4,-97,InAmp,NormalizedExPhase,0.1,-0.1,2MHzPhaseVsAmpTest
175,2,4,-99,InAmp,NormalizedExPhase,0.1,-0.1,2MHzPhaseVsAmpTest
175,2,4,-101,InAmp,NormalizedExPhase,0.3,-0.3,2MHzPhaseVsAmpTest
175,2,4,-103,InAmp,NormalizedExPhase,0.5,-0.5,2MHzPhaseVsAmpTest
175,2,4,-105,InAmp,NormalizedExPhase,0.6,-0.6,2MHzPhaseVsAmpTest
175,2,4,-65,InAmp,NormalizedStPhase,0.1,-0.1,2MHzPhaseVsAmpTest
175,2,4,-67,InAmp,NormalizedStPhase,0.1,-0.1,2MHzPhaseVsAmpTest
175,2,4,-69,InAmp,NormalizedStPhase,0.1,-0.1,2MHzPhaseVsAmpTest
175,2,4,-71,InAmp,NormalizedStPhase,0.1,-0.1,2MHzPhaseVsAmpTest
175,2,4,-73,InAmp,NormalizedStPhase,0.1,-0.1,2MHzPhaseVsAmpTest
175,2,4,-75,InAmp,NormalizedStPhase,0.1,-0.1,2MHzPhaseVsAmpTest
175,2,4,-77,InAmp,NormalizedStPhase,0.1,-0.1,2MHzPhaseVsAmpTest
175,2,4,-79,InAmp,NormalizedStPhase,0.1,-0.1,2MHzPhaseVsAmpTest
175,2,4,-81,InAmp,NormalizedStPhase,0.1,-0.1,2MHzPhaseVsAmpTest
175,2,4,-83,InAmp,NormalizedStPhase,0.1,-0.1,2MHzPhaseVsAmpTest
175,2,4,-85,InAmp,NormalizedStPhase,0.1,-0.1,2MHzPhaseVsAmpTest
175,2,4,-87,InAmp,NormalizedStPhase,0.1,-0.1,2MHzPhaseVsAmpTest
175,2,4,-89,InAmp,NormalizedStPhase,0.1,-0.1,2MHzPhaseVsAmpTest
175,2,4,-91,InAmp,NormalizedStPhase,0.1,-0.1,2MHzPhaseVsAmpTest
175,2,4,-93,InAmp,NormalizedStPhase,0.1,-0.1,2MHzPhaseVsAmpTest
175,2,4,-95,InAmp,NormalizedStPhase,0.1,-0.1,2MHzPhaseVsAmpTest
175,2,4,-97,InAmp,NormalizedStPhase,0.1,-0.1,2MHzPhaseVsAmpTest
175,2,4,-99,InAmp,NormalizedStPhase,0.1,-0.1,2MHzPhaseVsAmpTest
175,2,4,-101,InAmp,NormalizedStPhase,0.3,-0.3,2MHzPhaseVsAmpTest
175,2,4,-103,InAmp,NormalizedStPhase,0.5,-0.5,2MHzPhaseVsAmpTest
175,2,4,-105,InAmp,NormalizedStPhase,0.6,-0.6,2MHzPhaseVsAmpTest
-15,2,5,-75,InAmp,NormalizedExPhase,0.1,-0.1,1MHzPhaseVsAmpTest
-15,2,5,-77,InAmp,NormalizedExPhase,0.1,-0.1,1MHzPhaseVsAmpTest
-15,2,5,-79,InAmp,NormalizedExPhase,0.1,-0.1,1MHzPhaseVsAmpTest
-15,2,5,-81,InAmp,NormalizedExPhase,0.1,-0.1,1MHzPhaseVsAmpTest
-15,2,5,-83,InAmp,NormalizedExPhase,0.1,-0.1,1MHzPhaseVsAmpTest
-15,2,5,-85,InAmp,NormalizedExPhase,0.1,-0.1,1MHzPhaseVsAmpTest
-15,2,5,-87,InAmp,NormalizedExPhase,0.1,-0.1,1MHzPhaseVsAmpTest
-15,2,5,-89,InAmp,NormalizedExPhase,0.1,-0.1,1MHzPhaseVsAmpTest
-15,2,5,-91,InAmp,NormalizedExPhase,0.1,-0.1,1MHzPhaseVsAmpTest
-15,2,5,-93,InAmp,NormalizedExPhase,0.1,-0.1,1MHzPhaseVsAmpTest
-15,2,5,-95,InAmp,NormalizedExPhase,0.1,-0.1,1MHzPhaseVsAmpTest
-15,2,5,-97,InAmp,NormalizedExPhase,0.1,-0.1,1MHzPhaseVsAmpTest
-15,2,5,-99,InAmp,NormalizedExPhase,0.1,-0.1,1MHzPhaseVsAmpTest
-15,2,5,-101,InAmp,NormalizedExPhase,0.3,-0.3,1MHzPhaseVsAmpTest
-15,2,5,-103,InAmp,NormalizedExPhase,0.5,-0.5,1MHzPhaseVsAmpTest
-15,2,5,-105,InAmp,NormalizedExPhase,0.6,-0.6,1MHzPhaseVsAmpTest
-15,2,5,-75,InAmp,NormalizedStPhase,0.1,-0.1,1MHzPhaseVsAmpTest
-15,2,5,-77,InAmp,NormalizedStPhase,0.1,-0.1,1MHzPhaseVsAmpTest
-15,2,5,-79,InAmp,NormalizedStPhase,0.1,-0.1,1MHzPhaseVsAmpTest
-15,2,5,-81,InAmp,NormalizedStPhase,0.1,-0.1,1MHzPhaseVsAmpTest
-15,2,5,-83,InAmp,NormalizedStPhase,0.1,-0.1,1MHzPhaseVsAmpTest
-15,2,5,-85,InAmp,NormalizedStPhase,0.1,-0.1,1MHzPhaseVsAmpTest
-15,2,5,-87,InAmp,NormalizedStPhase,0.1,-0.1,1MHzPhaseVsAmpTest
-15,2,5,-89,InAmp,NormalizedStPhase,0.1,-0.1,1MHzPhaseVsAmpTest
-15,2,5,-91,InAmp,NormalizedStPhase,0.1,-0.1,1MHzPhaseVsAmpTest
-15,2,5,-93,InAmp,NormalizedStPhase,0.1,-0.1,1MHzPhaseVsAmpTest
-15,2,5,-95,InAmp,NormalizedStPhase,0.1,-0.1,1MHzPhaseVsAmpTest
-15,2,5,-97,InAmp,NormalizedStPhase,0.1,-0.1,1MHzPhaseVsAmpTest
-15,2,5,-99,InAmp,NormalizedStPhase,0.1,-0.1,1MHzPhaseVsAmpTest
-15,2,5,-101,InAmp,NormalizedStPhase,0.3,-0.3,1MHzPhaseVsAmpTest
-15,2,5,-103,InAmp,NormalizedStPhase,0.5,-0.5,1MHzPhaseVsAmpTest
-15,2,5,-105,InAmp,NormalizedStPhase,0.6,-0.6,1MHzPhaseVsAmpTest
175,2,5,-75,InAmp,NormalizedExPhase,0.1,-0.1,1MHzPhaseVsAmpTest
175,2,5,-77,InAmp,NormalizedExPhase,0.1,-0.1,1MHzPhaseVsAmpTest
175,2,5,-79,InAmp,NormalizedExPhase,0.1,-0.1,1MHzPhaseVsAmpTest
175,2,5,-81,InAmp,NormalizedExPhase,0.1,-0.1,1MHzPhaseVsAmpTest
175,2,5,-83,InAmp,NormalizedExPhase,0.1,-0.1,1MHzPhaseVsAmpTest
175,2,5,-85,InAmp,NormalizedExPhase,0.1,-0.1,1MHzPhaseVsAmpTest
175,2,5,-87,InAmp,NormalizedExPhase,0.1,-0.1,1MHzPhaseVsAmpTest
175,2,5,-89,InAmp,NormalizedExPhase,0.1,-0.1,1MHzPhaseVsAmpTest
175,2,5,-91,InAmp,NormalizedExPhase,0.1,-0.1,1MHzPhaseVsAmpTest
175,2,5,-93,InAmp,NormalizedExPhase,0.1,-0.1,1MHzPhaseVsAmpTest
175,2,5,-95,InAmp,NormalizedExPhase,0.1,-0.1,1MHzPhaseVsAmpTest
175,2,5,-97,InAmp,NormalizedExPhase,0.1,-0.1,1MHzPhaseVsAmpTest
175,2,5,-99,InAmp,NormalizedExPhase,0.1,-0.1,1MHzPhaseVsAmpTest
175,2,5,-101,InAmp,NormalizedExPhase,0.3,-0.3,1MHzPhaseVsAmpTest
175,2,5,-103,InAmp,NormalizedExPhase,0.5,-0.5,1MHzPhaseVsAmpTest
175,2,5,-105,InAmp,NormalizedExPhase,0.6,-0.6,1MHzPhaseVsAmpTest
175,2,5,-75,InAmp,NormalizedStPhase,0.1,-0.1,1MHzPhaseVsAmpTest
175,2,5,-77,InAmp,NormalizedStPhase,0.1,-0.1,1MHzPhaseVsAmpTest
175,2,5,-79,InAmp,NormalizedStPhase,0.1,-0.1,1MHzPhaseVsAmpTest
175,2,5,-81,InAmp,NormalizedStPhase,0.1,-0.1,1MHzPhaseVsAmpTest
175,2,5,-83,InAmp,NormalizedStPhase,0.1,-0.1,1MHzPhaseVsAmpTest
175,2,5,-85,InAmp,NormalizedStPhase,0.1,-0.1,1MHzPhaseVsAmpTest
175,2,5,-87,InAmp,NormalizedStPhase,0.1,-0.1,1MHzPhaseVsAmpTest
175,2,5,-89,InAmp,NormalizedStPhase,0.1,-0.1,1MHzPhaseVsAmpTest
175,2,5,-91,InAmp,NormalizedStPhase,0.1,-0.1,1MHzPhaseVsAmpTest
175,2,5,-93,InAmp,NormalizedStPhase,0.1,-0.1,1MHzPhaseVsAmpTest
175,2,5,-95,InAmp,NormalizedStPhase,0.1,-0.1,1MHzPhaseVsAmpTest
175,2,5,-97,InAmp,NormalizedStPhase,0.1,-0.1,1MHzPhaseVsAmpTest
175,2,5,-99,InAmp,NormalizedStPhase,0.1,-0.1,1MHzPhaseVsAmpTest
175,2,5,-101,InAmp,NormalizedStPhase,0.3,-0.3,1MHzPhaseVsAmpTest
175,2,5,-103,InAmp,NormalizedStPhase,0.5,-0.5,1MHzPhaseVsAmpTest
175,2,5,-105,InAmp,NormalizedStPhase,0.6,-0.6,1MHzPhaseVsAmpTest
-15,2,6,-65,InAmp,CorrectedFarRMS,0.4,-0.4,2MHzCalAmpTest
-15,2,6,-67,InAmp,CorrectedFarRMS,0.4,-0.4,2MHzCalAmpTest
-15,2,6,-69,InAmp,CorrectedFarRMS,0.4,-0.4,2MHzCalAmpTest
-15,2,6,-71,InAmp,CorrectedFarRMS,0.4,-0.4,2MHzCalAmpTest
-15,2,6,-73,InAmp,CorrectedFarRMS,0.4,-0.4,2MHzCalAmpTest
-15,2,6,-75,InAmp,CorrectedFarRMS,0.4,-0.4,2MHzCalAmpTest
-15,2,6,-77,InAmp,CorrectedFarRMS,0.4,-0.4,2MHzCalAmpTest
-15,2,6,-79,InAmp,CorrectedFarRMS,0.4,-0.4,2MHzCalAmpTest
-15,2,6,-81,InAmp,CorrectedFarRMS,0.4,-0.4,2MHzCalAmpTest
-15,2,6,-83,InAmp,CorrectedFarRMS,0.4,-0.4,2MHzCalAmpTest
-15,2,6,-85,InAmp,CorrectedFarRMS,0.4,-0.4,2MHzCalAmpTest
-15,2,6,-87,InAmp,CorrectedFarRMS,0.4,-0.4,2MHzCalAmpTest
-15,2,6,-89,InAmp,CorrectedFarRMS,0.4,-0.4,2MHzCalAmpTest
-15,2,6,-91,InAmp,CorrectedFarRMS,1.0,-1.0,2MHzCalAmpTest
-15,2,6,-93,InAmp,CorrectedFarRMS,1.0,-1.0,2MHzCalAmpTest
-15,2,6,-95,InAmp,CorrectedFarRMS,1.0,-1.0,2MHzCalAmpTest
-15,2,6,-97,InAmp,CorrectedFarRMS,1.0,-1.0,2MHzCalAmpTest
-15,2,6,-99,InAmp,CorrectedFarRMS,1.0,-1.0,2MHzCalAmpTest
-15,2,6,-101,InAmp,CorrectedFarRMS,1.1,-1.1,2MHzCalAmpTest
-15,2,6,-103,InAmp,CorrectedFarRMS,1.3,-1.3,2MHzCalAmpTest
-15,2,6,-105,InAmp,CorrectedFarRMS,1.5,-1.5,2MHzCalAmpTest
-15,2,6,-65,InAmp,CorrectedNearRMS,0.4,-0.4,2MHzCalAmpTest
-15,2,6,-67,InAmp,CorrectedNearRMS,0.4,-0.4,2MHzCalAmpTest
-15,2,6,-69,InAmp,CorrectedNearRMS,0.4,-0.4,2MHzCalAmpTest
-15,2,6,-71,InAmp,CorrectedNearRMS,0.4,-0.4,2MHzCalAmpTest
-15,2,6,-73,InAmp,CorrectedNearRMS,0.4,-0.4,2MHzCalAmpTest
-15,2,6,-75,InAmp,CorrectedNearRMS,0.4,-0.4,2MHzCalAmpTest
-15,2,6,-77,InAmp,CorrectedNearRMS,0.4,-0.4,2MHzCalAmpTest
-15,2,6,-79,InAmp,CorrectedNearRMS,0.4,-0.4,2MHzCalAmpTest
-15,2,6,-81,InAmp,CorrectedNearRMS,0.4,-0.4,2MHzCalAmpTest
-15,2,6,-83,InAmp,CorrectedNearRMS,0.4,-0.4,2MHzCalAmpTest
-15,2,6,-85,InAmp,CorrectedNearRMS,0.4,-0.4,2MHzCalAmpTest
-15,2,6,-87,InAmp,CorrectedNearRMS,0.4,-0.4,2MHzCalAmpTest
-15,2,6,-89,InAmp,CorrectedNearRMS,0.4,-0.4,2MHzCalAmpTest
-15,2,6,-91,InAmp,CorrectedNearRMS,1.0,-1.0,2MHzCalAmpTest
-15,2,6,-93,InAmp,CorrectedNearRMS,1.0,-1.0,2MHzCalAmpTest
-15,2,6,-95,InAmp,CorrectedNearRMS,1.0,-1.0,2MHzCalAmpTest
-15,2,6,-97,InAmp,CorrectedNearRMS,1.0,-1.0,2MHzCalAmpTest
-15,2,6,-99,InAmp,CorrectedNearRMS,1.0,-1.0,2MHzCalAmpTest
175,2,6,-65,InAmp,CorrectedFarRMS,0.4,-0.4,2MHzCalAmpTest
175,2,6,-67,InAmp,CorrectedFarRMS,0.4,-0.4,2MHzCalAmpTest
175,2,6,-69,InAmp,CorrectedFarRMS,0.4,-0.4,2MHzCalAmpTest
175,2,6,-71,InAmp,CorrectedFarRMS,0.4,-0.4,2MHzCalAmpTest
175,2,6,-73,InAmp,CorrectedFarRMS,0.4,-0.4,2MHzCalAmpTest
175,2,6,-75,InAmp,CorrectedFarRMS,0.4,-0.4,2MHzCalAmpTest
175,2,6,-77,InAmp,CorrectedFarRMS,0.4,-0.4,2MHzCalAmpTest
175,2,6,-79,InAmp,CorrectedFarRMS,0.4,-0.4,2MHzCalAmpTest
175,2,6,-81,InAmp,CorrectedFarRMS,0.4,-0.4,2MHzCalAmpTest
175,2,6,-83,InAmp,CorrectedFarRMS,0.4,-0.4,2MHzCalAmpTest
175,2,6,-85,InAmp,CorrectedFarRMS,0.4,-0.4,2MHzCalAmpTest
175,2,6,-87,InAmp,CorrectedFarRMS,0.4,-0.4,2MHzCalAmpTest
175,2,6,-89,InAmp,CorrectedFarRMS,0.4,-0.4,2MHzCalAmpTest
175,2,6,-91,InAmp,CorrectedFarRMS,1.0,-1.0,2MHzCalAmpTest
175,2,6,-93,InAmp,CorrectedFarRMS,1.0,-1.0,2MHzCalAmpTest
175,2,6,-95,InAmp,CorrectedFarRMS,1.0,-1.0,2MHzCalAmpTest
175,2,6,-97,InAmp,CorrectedFarRMS,1.0,-1.0,2MHzCalAmpTest
175,2,6,-99,InAmp,CorrectedFarRMS,1.0,-1.0,2MHzCalAmpTest
175,2,6,-101,InAmp,CorrectedFarRMS,1.1,-1.1,2MHzCalAmpTest
175,2,6,-103,InAmp,CorrectedFarRMS,1.3,-1.3,2MHzCalAmpTest
175,2,6,-105,InAmp,CorrectedFarRMS,1.5,-1.5,2MHzCalAmpTest
175,2,6,-65,InAmp,CorrectedNearRMS,0.4,-0.4,2MHzCalAmpTest
175,2,6,-67,InAmp,CorrectedNearRMS,0.4,-0.4,2MHzCalAmpTest
175,2,6,-69,InAmp,CorrectedNearRMS,0.4,-0.4,2MHzCalAmpTest
175,2,6,-71,InAmp,CorrectedNearRMS,0.4,-0.4,2MHzCalAmpTest
175,2,6,-73,InAmp,CorrectedNearRMS,0.4,-0.4,2MHzCalAmpTest
175,2,6,-75,InAmp,CorrectedNearRMS,0.4,-0.4,2MHzCalAmpTest
175,2,6,-77,InAmp,CorrectedNearRMS,0.4,-0.4,2MHzCalAmpTest
175,2,6,-79,InAmp,CorrectedNearRMS,0.4,-0.4,2MHzCalAmpTest
175,2,6,-81,InAmp,CorrectedNearRMS,0.4,-0.4,2MHzCalAmpTest
175,2,6,-83,InAmp,CorrectedNearRMS,0.4,-0.4,2MHzCalAmpTest
175,2,6,-85,InAmp,CorrectedNearRMS,0.4,-0.4,2MHzCalAmpTest
175,2,6,-87,InAmp,CorrectedNearRMS,0.4,-0.4,2MHzCalAmpTest
175,2,6,-89,InAmp,CorrectedNearRMS,0.4,-0.4,2MHzCalAmpTest
175,2,6,-91,InAmp,CorrectedNearRMS,1.0,-1.0,2MHzCalAmpTest
175,2,6,-93,InAmp,CorrectedNearRMS,1.0,-1.0,2MHzCalAmpTest
175,2,6,-95,InAmp,CorrectedNearRMS,1.0,-1.0,2MHzCalAmpTest
175,2,6,-97,InAmp,CorrectedNearRMS,1.0,-1.0,2MHzCalAmpTest
175,2,6,-99,InAmp,CorrectedNearRMS,1.0,-1.0,2MHzCalAmpTest
-15,2,7,-75,InAmp,CorrectedFarRMS,0.4,-0.4,1MHzCalAmpTest
-15,2,7,-77,InAmp,CorrectedFarRMS,0.4,-0.4,1MHzCalAmpTest
-15,2,7,-79,InAmp,CorrectedFarRMS,0.4,-0.4,1MHzCalAmpTest
-15,2,7,-81,InAmp,CorrectedFarRMS,0.4,-0.4,1MHzCalAmpTest
-15,2,7,-83,InAmp,CorrectedFarRMS,0.4,-0.4,1MHzCalAmpTest
-15,2,7,-85,InAmp,CorrectedFarRMS,0.4,-0.4,1MHzCalAmpTest
-15,2,7,-87,InAmp,CorrectedFarRMS,0.4,-0.4,1MHzCalAmpTest
-15,2,7,-89,InAmp,CorrectedFarRMS,0.4,-0.4,1MHzCalAmpTest
-15,2,7,-91,InAmp,CorrectedFarRMS,1.0,-1.0,1MHzCalAmpTest
-15,2,7,-93,InAmp,CorrectedFarRMS,1.0,-1.0,1MHzCalAmpTest
-15,2,7,-95,InAmp,CorrectedFarRMS,1.0,-1.0,1MHzCalAmpTest
-15,2,7,-97,InAmp,CorrectedFarRMS,1.0,-1.0,1MHzCalAmpTest
-15,2,7,-99,InAmp,CorrectedFarRMS,1.0,-1.0,1MHzCalAmpTest
-15,2,7,-101,InAmp,CorrectedFarRMS,1.1,-1.1,1MHzCalAmpTest
-15,2,7,-103,InAmp,CorrectedFarRMS,1.3,-1.3,1MHzCalAmpTest
-15,2,7,-105,InAmp,CorrectedFarRMS,1.5,-1.5,1MHzCalAmpTest
-15,2,7,-75,InAmp,CorrectedNearRMS,0.4,-0.4,1MHzCalAmpTest
-15,2,7,-77,InAmp,CorrectedNearRMS,0.4,-0.4,1MHzCalAmpTest
-15,2,7,-79,InAmp,CorrectedNearRMS,0.4,-0.4,1MHzCalAmpTest
-15,2,7,-81,InAmp,CorrectedNearRMS,0.4,-0.4,1MHzCalAmpTest
-15,2,7,-83,InAmp,CorrectedNearRMS,0.4,-0.4,1MHzCalAmpTest
-15,2,7,-85,InAmp,CorrectedNearRMS,0.4,-0.4,1MHzCalAmpTest
-15,2,7,-87,InAmp,CorrectedNearRMS,0.4,-0.4,1MHzCalAmpTest
-15,2,7,-89,InAmp,CorrectedNearRMS,0.4,-0.4,1MHzCalAmpTest
-15,2,7,-91,InAmp,CorrectedNearRMS,1.0,-1.0,1MHzCalAmpTest
-15,2,7,-93,InAmp,CorrectedNearRMS,1.0,-1.0,1MHzCalAmpTest
-15,2,7,-95,InAmp,CorrectedNearRMS,1.0,-1.0,1MHzCalAmpTest
-15,2,7,-97,InAmp,CorrectedNearRMS,1.0,-1.0,1MHzCalAmpTest
-15,2,7,-99,InAmp,CorrectedNearRMS,1.0,-1.0,1MHzCalAmpTest
175,2,7,-75,InAmp,CorrectedFarRMS,0.4,-0.4,1MHzCalAmpTest
175,2,7,-77,InAmp,CorrectedFarRMS,0.4,-0.4,1MHzCalAmpTest
175,2,7,-79,InAmp,CorrectedFarRMS,0.4,-0.4,1MHzCalAmpTest
175,2,7,-81,InAmp,CorrectedFarRMS,0.4,-0.4,1MHzCalAmpTest
175,2,7,-83,InAmp,CorrectedFarRMS,0.4,-0.4,1MHzCalAmpTest
175,2,7,-85,InAmp,CorrectedFarRMS,0.4,-0.4,1MHzCalAmpTest
175,2,7,-87,InAmp,CorrectedFarRMS,0.4,-0.4,1MHzCalAmpTest
175,2,7,-89,InAmp,CorrectedFarRMS,0.4,-0.4,1MHzCalAmpTest
175,2,7,-91,InAmp,CorrectedFarRMS,1.0,-1.0,1MHzCalAmpTest
175,2,7,-93,InAmp,CorrectedFarRMS,1.0,-1.0,1MHzCalAmpTest
175,2,7,-95,InAmp,CorrectedFarRMS,1.0,-1.0,1MHzCalAmpTest
175,2,7,-97,InAmp,CorrectedFarRMS,1.0,-1.0,1MHzCalAmpTest
175,2,7,-99,InAmp,CorrectedFarRMS,1.0,-1.0,1MHzCalAmpTest
175,2,7,-101,InAmp,CorrectedFarRMS,1.1,-1.1,1MHzCalAmpTest
175,2,7,-103,InAmp,CorrectedFarRMS,1.3,-1.3,1MHzCalAmpTest
175,2,7,-105,InAmp,CorrectedFarRMS,1.5,-1.5,1MHzCalAmpTest
175,2,7,-75,InAmp,CorrectedNearRMS,0.4,-0.4,1MHzCalAmpTest
175,2,7,-77,InAmp,CorrectedNearRMS,0.4,-0.4,1MHzCalAmpTest
175,2,7,-79,InAmp,CorrectedNearRMS,0.4,-0.4,1MHzCalAmpTest
175,2,7,-81,InAmp,CorrectedNearRMS,0.4,-0.4,1MHzCalAmpTest
175,2,7,-83,InAmp,CorrectedNearRMS,0.4,-0.4,1MHzCalAmpTest
175,2,7,-85,InAmp,CorrectedNearRMS,0.4,-0.4,1MHzCalAmpTest
175,2,7,-87,InAmp,CorrectedNearRMS,0.4,-0.4,1MHzCalAmpTest
175,2,7,-89,InAmp,CorrectedNearRMS,0.4,-0.4,1MHzCalAmpTest
175,2,7,-91,InAmp,CorrectedNearRMS,1.0,-1.0,1MHzCalAmpTest
175,2,7,-93,InAmp,CorrectedNearRMS,1.0,-1.0,1MHzCalAmpTest
175,2,7,-95,InAmp,CorrectedNearRMS,1.0,-1.0,1MHzCalAmpTest
175,2,7,-97,InAmp,CorrectedNearRMS,1.0,-1.0,1MHzCalAmpTest
175,2,7,-99,InAmp,CorrectedNearRMS,1.0,-1.0,1MHzCalAmpTest
-15,2,8,-40,InPhase,NormalizedExPhase,0.277778,-0.277778,2MHzPhaseLinearity
-15,2,8,-30,InPhase,NormalizedExPhase,0.233333,-0.233333,2MHzPhaseLinearity
-15,2,8,-20,InPhase,NormalizedExPhase,0.188889,-0.188889,2MHzPhaseLinearity
-15,2,8,-10,InPhase,NormalizedExPhase,0.144444,-0.144444,2MHzPhaseLinearity
-15,2,8,0,InPhase,NormalizedExPhase,0.1,-0.1,2MHzPhaseLinearity
-15,2,8,10,InPhase,NormalizedExPhase,0.144444,-0.144444,2MHzPhaseLinearity
-15,2,8,20,InPhase,NormalizedExPhase,0.188889,-0.188889,2MHzPhaseLinearity
-15,2,8,30,InPhase,NormalizedExPhase,0.233333,-0.233333,2MHzPhaseLinearity
-15,2,8,40,InPhase,NormalizedExPhase,0.277778,-0.277778,2MHzPhaseLinearity
-15,2,8,-40,InPhase,NormalizedStPhase,0.277778,-0.277778,2MHzPhaseLinearity
-15,2,8,-30,InPhase,NormalizedStPhase,0.233333,-0.233333,2MHzPhaseLinearity
-15,2,8,-20,InPhase,NormalizedStPhase,0.188889,-0.188889,2MHzPhaseLinearity
-15,2,8,-10,InPhase,NormalizedStPhase,0.144444,-0.144444,2MHzPhaseLinearity
-15,2,8,0,InPhase,NormalizedStPhase,0.1,-0.1,2MHzPhaseLinearity
-15,2,8,10,InPhase,NormalizedStPhase,0.144444,-0.144444,2MHzPhaseLinearity
-15,2,8,20,InPhase,NormalizedStPhase,0.188889,-0.188889,2MHzPhaseLinearity
-15,2,8,30,InPhase,NormalizedStPhase,0.233333,-0.233333,2MHzPhaseLinearity
-15,2,8,40,InPhase,NormalizedStPhase,0.277778,-0.277778,2MHzPhaseLinearity
175,2,8,-40,InPhase,NormalizedExPhase,0.277778,-0.277778,2MHzPhaseLinearity
175,2,8,-30,InPhase,NormalizedExPhase,0.233333,-0.233333,2MHzPhaseLinearity
175,2,8,-20,InPhase,NormalizedExPhase,0.188889,-0.188889,2MHzPhaseLinearity
175,2,8,-10,InPhase,NormalizedExPhase,0.144444,-0.144444,2MHzPhaseLinearity
175,2,8,0,InPhase,NormalizedExPhase,0.1,-0.1,2MHzPhaseLinearity
175,2,8,10,InPhase,NormalizedExPhase,0.144444,-0.144444,2MHzPhaseLinearity
175,2,8,20,InPhase,NormalizedExPhase,0.188889,-0.188889,2MHzPhaseLinearity
175,2,8,30,InPhase,NormalizedExPhase,0.233333,-0.233333,2MHzPhaseLinearity
175,2,8,40,InPhase,NormalizedExPhase,0.277778,-0.277778,2MHzPhaseLinearity
175,2,8,-40,InPhase,NormalizedStPhase,0.277778,-0.277778,2MHzPhaseLinearity
175,2,8,-30,InPhase,NormalizedStPhase,0.233333,-0.233333,2MHzPhaseLinearity
175,2,8,-20,InPhase,NormalizedStPhase,0.188889,-0.188889,2MHzPhaseLinearity
175,2,8,-10,InPhase,NormalizedStPhase,0.144444,-0.144444,2MHzPhaseLinearity
175,2,8,0,InPhase,NormalizedStPhase,0.1,-0.1,2MHzPhaseLinearity
175,2,8,10,InPhase,NormalizedStPhase,0.144444,-0.144444,2MHzPhaseLinearity
175,2,8,20,InPhase,NormalizedStPhase,0.188889,-0.188889,2MHzPhaseLinearity
175,2,8,30,InPhase,NormalizedStPhase,0.233333,-0.233333,2MHzPhaseLinearity
175,2,8,40,InPhase,NormalizedStPhase,0.277778,-0.277778,2MHzPhaseLinearity
-15,2,9,-40,InPhase,NormalizedExPhase,0.277778,-0.277778,1MHzPhaseLinearity
-15,2,9,-30,InPhase,NormalizedExPhase,0.233333,-0.233333,1MHzPhaseLinearity
-15,2,9,-20,InPhase,NormalizedExPhase,0.188889,-0.188889,1MHzPhaseLinearity
-15,2,9,-10,InPhase,NormalizedExPhase,0.144444,-0.144444,1MHzPhaseLinearity
-15,2,9,0,InPhase,NormalizedExPhase,0.1,-0.1,1MHzPhaseLinearity
-15,2,9,10,InPhase,NormalizedExPhase,0.144444,-0.144444,1MHzPhaseLinearity
-15,2,9,20,InPhase,NormalizedExPhase,0.188889,-0.188889,1MHzPhaseLinearity
-15,2,9,30,InPhase,NormalizedExPhase,0.233333,-0.233333,1MHzPhaseLinearity
-15,2,9,40,InPhase,NormalizedExPhase,0.277778,-0.277778,1MHzPhaseLinearity
-15,2,9,-40,InPhase,NormalizedStPhase,0.277778,-0.277778,1MHzPhaseLinearity
-15,2,9,-30,InPhase,NormalizedStPhase,0.233333,-0.233333,1MHzPhaseLinearity
-15,2,9,-20,InPhase,NormalizedStPhase,0.188889,-0.188889,1MHzPhaseLinearity
-15,2,9,-10,InPhase,NormalizedStPhase,0.144444,-0.144444,1MHzPhaseLinearity
-15,2,9,0,InPhase,NormalizedStPhase,0.1,-0.1,1MHzPhaseLinearity
-15,2,9,10,InPhase,NormalizedStPhase,0.144444,-0.144444,1MHzPhaseLinearity
-15,2,9,20,InPhase,NormalizedStPhase,0.188889,-0.188889,1MHzPhaseLinearity
-15,2,9,30,InPhase,NormalizedStPhase,0.233333,-0.233333,1MHzPhaseLinearity
-15,2,9,40,InPhase,NormalizedStPhase,0.277778,-0.277778,1MHzPhaseLinearity
175,2,9,-40,InPhase,NormalizedExPhase,0.277778,-0.277778,1MHzPhaseLinearity
175,2,9,-30,InPhase,NormalizedExPhase,0.233333,-0.233333,1MHzPhaseLinearity
175,2,9,-20,InPhase,NormalizedExPhase,0.188889,-0.188889,1MHzPhaseLinearity
175,2,9,-10,InPhase,NormalizedExPhase,0.144444,-0.144444,1MHzPhaseLinearity
175,2,9,0,InPhase,NormalizedExPhase,0.1,-0.1,1MHzPhaseLinearity
175,2,9,10,InPhase,NormalizedExPhase,0.144444,-0.144444,1MHzPhaseLinearity
175,2,9,20,InPhase,NormalizedExPhase,0.188889,-0.188889,1MHzPhaseLinearity
175,2,9,30,InPhase,NormalizedExPhase,0.233333,-0.233333,1MHzPhaseLinearity
175,2,9,40,InPhase,NormalizedExPhase,0.277778,-0.277778,1MHzPhaseLinearity
175,2,9,-40,InPhase,NormalizedStPhase,0.277778,-0.277778,1MHzPhaseLinearity
175,2,9,-30,InPhase,NormalizedStPhase,0.233333,-0.233333,1MHzPhaseLinearity
175,2,9,-20,InPhase,NormalizedStPhase,0.188889,-0.188889,1MHzPhaseLinearity
175,2,9,-10,InPhase,NormalizedStPhase,0.144444,-0.144444,1MHzPhaseLinearity
175,2,9,0,InPhase,NormalizedStPhase,0.1,-0.1,1MHzPhaseLinearity
175,2,9,10,InPhase,NormalizedStPhase,0.144444,-0.144444,1MHzPhaseLinearity
175,2,9,20,InPhase,NormalizedStPhase,0.188889,-0.188889,1MHzPhaseLinearity
175,2,9,30,InPhase,NormalizedStPhase,0.233333,-0.233333,1MHzPhaseLinearity
175,2,9,40,InPhase,NormalizedStPhase,0.277778,-0.277778,1MHzPhaseLinearity
